,name,type,extension,path,date
0,tickers,tickers,csv,/tickers/tickers.csv,20251125
1,tickers,tickers,parquet,/tickers/tickers.parquet,20251125
2,market,tickers,parquet,/tickers/20250925/market.parquet,20250925
3,corporations,tickers,parquet,/tickers/20250925/corporations.parquet,20250925
4,sectors,tickers,parquet,/tickers/20250925/sectors.parquet,20250925
5,market,tickers,parquet,/tickers/20251015/market.parquet,20251015
6,sectors,tickers,parquet,/tickers/20251015/sectors.parquet,20251015
7,market,tickers,parquet,/tickers/20251023/market.parquet,20251023
8,market,tickers,parquet,/tickers/20251111/market.parquet,20251111
9,market,tickers,parquet,/tickers/20251124/market.parquet,20251124
10,market,tickers,parquet,/tickers/20251118/market.parquet,20251118
11,market,tickers,parquet,/tickers/20251024/market.parquet,20251024
12,market,tickers,parquet,/tickers/20251114/market.parquet,20251114
13,market,tickers,parquet,/tickers/20251014/market.parquet,20251014
14,market,tickers,parquet,/tickers/20251112/market.parquet,20251112
15,market,tickers,parquet,/tickers/20251121/market.parquet,20251121
16,market,tickers,parquet,/tickers/20250923/market.parquet,20250923
17,corporations,tickers,parquet,/tickers/20250923/corporations.parquet,20250923
18,market,tickers,parquet,/tickers/20251017/market.parquet,20251017
19,market,tickers,parquet,/tickers/20251119/market.parquet,20251119
20,market,tickers,parquet,/tickers/20251030/market.parquet,20251030
21,market,tickers,parquet,/tickers/20251020/market.parquet,20251020
22,market,tickers,parquet,/tickers/20251010/market.parquet,20251010
23,market,tickers,parquet,/tickers/20250919/market.parquet,20250919
24,corporations,tickers,parquet,/tickers/20250919/corporations.parquet,20250919
25,sectors,tickers,parquet,/tickers/20250919/sectors.parquet,20250919
26,market,tickers,parquet,/tickers/20251120/market.parquet,20251120
27,market,tickers,parquet,/tickers/20251001/market.parquet,20251001
28,market,tickers,parquet,/tickers/20251027/market.parquet,20251027
29,market,tickers,parquet,/tickers/20251113/market.parquet,20251113
30,market,tickers,parquet,/tickers/20250922/market.parquet,20250922
31,corporations,tickers,parquet,/tickers/20250922/corporations.parquet,20250922
32,market,tickers,parquet,/tickers/20251107/market.parquet,20251107
33,market,tickers,parquet,/tickers/20250918/market.parquet,20250918
34,corporations,tickers,parquet,/tickers/20250918/corporations.parquet,20250918
35,sectors,tickers,parquet,/tickers/20250918/sectors.parquet,20250918
36,market,tickers,parquet,/tickers/20250917/market.parquet,20250917
37,corporations,tickers,parquet,/tickers/20250917/corporations.parquet,20250917
38,market,tickers,parquet,/tickers/20251021/market.parquet,20251021
39,market,tickers,parquet,/tickers/20251016/market.parquet,20251016
40,market,tickers,parquet,/tickers/20251029/market.parquet,20251029
41,market,tickers,parquet,/tickers/20251028/market.parquet,20251028
42,market,tickers,parquet,/tickers/20250930/market.parquet,20250930
43,sectors,tickers,parquet,/tickers/20250930/sectors.parquet,20250930
44,market,tickers,parquet,/tickers/20251125/market.parquet,20251125
45,sectors,tickers,parquet,/tickers/20251125/sectors.parquet,20251125
46,market,tickers,parquet,/tickers/20250924/market.parquet,20250924
47,corporations,tickers,parquet,/tickers/20250924/corporations.parquet,20250924
48,sectors,tickers,parquet,/tickers/20250924/sectors.parquet,20250924
49,market,tickers,parquet,/tickers/20251105/market.parquet,20251105
50,market,tickers,parquet,/tickers/20251103/market.parquet,20251103
51,market,tickers,parquet,/tickers/20251110/market.parquet,20251110
52,market,tickers,parquet,/tickers/20250916/market.parquet,20250916
53,corporations,tickers,parquet,/tickers/20250916/corporations.parquet,20250916
54,sectors,tickers,parquet,/tickers/20250916/sectors.parquet,20250916
55,market,tickers,parquet,/tickers/20250929/market.parquet,20250929
56,market,tickers,parquet,/tickers/20250926/market.parquet,20250926
57,market,tickers,parquet,/tickers/20251031/market.parquet,20251031
58,market,tickers,parquet,/tickers/20251106/market.parquet,20251106
59,market,tickers,parquet,/tickers/20251002/market.parquet,20251002
60,market,tickers,parquet,/tickers/20251013/market.parquet,20251013
61,market,tickers,parquet,/tickers/20251104/market.parquet,20251104
62,market,tickers,parquet,/tickers/20251117/market.parquet,20251117
63,market,tickers,parquet,/tickers/20251022/market.parquet,20251022
64,20251126,logs,log,/logs/20251126.log,20251126
65,20250919,logs,log,/logs/20250919.log,20250919
66,023160,ohlcv,parquet,/ohlcv/023160.parquet,20251125
67,017860,ohlcv,parquet,/ohlcv/017860.parquet,20251125
68,095500,ohlcv,parquet,/ohlcv/095500.parquet,20251125
69,035510,ohlcv,parquet,/ohlcv/035510.parquet,20251125
70,014580,ohlcv,parquet,/ohlcv/014580.parquet,20251125
71,094360,ohlcv,parquet,/ohlcv/094360.parquet,20251125
72,047040,ohlcv,parquet,/ohlcv/047040.parquet,20251125
73,063160,ohlcv,parquet,/ohlcv/063160.parquet,20251125
74,200710,ohlcv,parquet,/ohlcv/200710.parquet,20251125
75,101930,ohlcv,parquet,/ohlcv/101930.parquet,20251125
76,000240,ohlcv,parquet,/ohlcv/000240.parquet,20251125
77,006120,ohlcv,parquet,/ohlcv/006120.parquet,20251125
78,010620,ohlcv,parquet,/ohlcv/010620.parquet,20251125
79,067080,ohlcv,parquet,/ohlcv/067080.parquet,20251125
80,243840,ohlcv,parquet,/ohlcv/243840.parquet,20251125
81,456040,ohlcv,parquet,/ohlcv/456040.parquet,20251125
82,383310,ohlcv,parquet,/ohlcv/383310.parquet,20251125
83,200880,ohlcv,parquet,/ohlcv/200880.parquet,20251125
84,440110,ohlcv,parquet,/ohlcv/440110.parquet,20251125
85,060590,ohlcv,parquet,/ohlcv/060590.parquet,20251125
86,481070,ohlcv,parquet,/ohlcv/481070.parquet,20251125
87,012800,ohlcv,parquet,/ohlcv/012800.parquet,20251125
88,416180,ohlcv,parquet,/ohlcv/416180.parquet,20251125
89,142760,ohlcv,parquet,/ohlcv/142760.parquet,20251125
90,489790,ohlcv,parquet,/ohlcv/489790.parquet,20251125
91,226950,ohlcv,parquet,/ohlcv/226950.parquet,20251125
92,418550,ohlcv,parquet,/ohlcv/418550.parquet,20251125
93,032620,ohlcv,parquet,/ohlcv/032620.parquet,20251125
94,033270,ohlcv,parquet,/ohlcv/033270.parquet,20251125
95,228760,ohlcv,parquet,/ohlcv/228760.parquet,20251125
96,377300,ohlcv,parquet,/ohlcv/377300.parquet,20251125
97,003070,ohlcv,parquet,/ohlcv/003070.parquet,20251125
98,396470,ohlcv,parquet,/ohlcv/396470.parquet,20251125
99,456160,ohlcv,parquet,/ohlcv/456160.parquet,20251125
100,036930,ohlcv,parquet,/ohlcv/036930.parquet,20251125
101,143160,ohlcv,parquet,/ohlcv/143160.parquet,20251125
102,187660,ohlcv,parquet,/ohlcv/187660.parquet,20251125
103,001720,ohlcv,parquet,/ohlcv/001720.parquet,20251125
104,161580,ohlcv,parquet,/ohlcv/161580.parquet,20251125
105,121440,ohlcv,parquet,/ohlcv/121440.parquet,20251125
106,389500,ohlcv,parquet,/ohlcv/389500.parquet,20251125
107,030200,ohlcv,parquet,/ohlcv/030200.parquet,20251125
108,107640,ohlcv,parquet,/ohlcv/107640.parquet,20251125
109,210120,ohlcv,parquet,/ohlcv/210120.parquet,20251125
110,067990,ohlcv,parquet,/ohlcv/067990.parquet,20251125
111,033170,ohlcv,parquet,/ohlcv/033170.parquet,20251125
112,102460,ohlcv,parquet,/ohlcv/102460.parquet,20251125
113,376300,ohlcv,parquet,/ohlcv/376300.parquet,20251125
114,099430,ohlcv,parquet,/ohlcv/099430.parquet,20251125
115,267320,ohlcv,parquet,/ohlcv/267320.parquet,20251125
116,009410,ohlcv,parquet,/ohlcv/009410.parquet,20251125
117,322310,ohlcv,parquet,/ohlcv/322310.parquet,20251125
118,139130,ohlcv,parquet,/ohlcv/139130.parquet,20251125
119,455900,ohlcv,parquet,/ohlcv/455900.parquet,20251125
120,005160,ohlcv,parquet,/ohlcv/005160.parquet,20251125
121,004970,ohlcv,parquet,/ohlcv/004970.parquet,20251125
122,213500,ohlcv,parquet,/ohlcv/213500.parquet,20251125
123,475560,ohlcv,parquet,/ohlcv/475560.parquet,20251125
124,003610,ohlcv,parquet,/ohlcv/003610.parquet,20251125
125,009900,ohlcv,parquet,/ohlcv/009900.parquet,20251125
126,272210,ohlcv,parquet,/ohlcv/272210.parquet,20251125
127,249420,ohlcv,parquet,/ohlcv/249420.parquet,20251125
128,277810,ohlcv,parquet,/ohlcv/277810.parquet,20251125
129,092220,ohlcv,parquet,/ohlcv/092220.parquet,20251125
130,037560,ohlcv,parquet,/ohlcv/037560.parquet,20251125
131,347700,ohlcv,parquet,/ohlcv/347700.parquet,20251125
132,432720,ohlcv,parquet,/ohlcv/432720.parquet,20251125
133,080220,ohlcv,parquet,/ohlcv/080220.parquet,20251125
134,078140,ohlcv,parquet,/ohlcv/078140.parquet,20251125
135,222800,ohlcv,parquet,/ohlcv/222800.parquet,20251125
136,008350,ohlcv,parquet,/ohlcv/008350.parquet,20251125
137,489500,ohlcv,parquet,/ohlcv/489500.parquet,20251125
138,389260,ohlcv,parquet,/ohlcv/389260.parquet,20251125
139,025320,ohlcv,parquet,/ohlcv/025320.parquet,20251125
140,222080,ohlcv,parquet,/ohlcv/222080.parquet,20251125
141,069510,ohlcv,parquet,/ohlcv/069510.parquet,20251125
142,003470,ohlcv,parquet,/ohlcv/003470.parquet,20251125
143,102710,ohlcv,parquet,/ohlcv/102710.parquet,20251125
144,394800,ohlcv,parquet,/ohlcv/394800.parquet,20251125
145,071970,ohlcv,parquet,/ohlcv/071970.parquet,20251125
146,083310,ohlcv,parquet,/ohlcv/083310.parquet,20251125
147,448710,ohlcv,parquet,/ohlcv/448710.parquet,20251125
148,072990,ohlcv,parquet,/ohlcv/072990.parquet,20251125
149,131290,ohlcv,parquet,/ohlcv/131290.parquet,20251125
150,003030,ohlcv,parquet,/ohlcv/003030.parquet,20251125
151,025540,ohlcv,parquet,/ohlcv/025540.parquet,20251125
152,452260,ohlcv,parquet,/ohlcv/452260.parquet,20251125
153,008770,ohlcv,parquet,/ohlcv/008770.parquet,20251125
154,001520,ohlcv,parquet,/ohlcv/001520.parquet,20251125
155,009300,ohlcv,parquet,/ohlcv/009300.parquet,20251125
156,069460,ohlcv,parquet,/ohlcv/069460.parquet,20251125
157,450140,ohlcv,parquet,/ohlcv/450140.parquet,20251125
158,090850,ohlcv,parquet,/ohlcv/090850.parquet,20251125
159,066980,ohlcv,parquet,/ohlcv/066980.parquet,20251125
160,017890,ohlcv,parquet,/ohlcv/017890.parquet,20251125
161,003540,ohlcv,parquet,/ohlcv/003540.parquet,20251125
162,460930,ohlcv,parquet,/ohlcv/460930.parquet,20251125
163,003460,ohlcv,parquet,/ohlcv/003460.parquet,20251125
164,168360,ohlcv,parquet,/ohlcv/168360.parquet,20251125
165,383220,ohlcv,parquet,/ohlcv/383220.parquet,20251125
166,123330,ohlcv,parquet,/ohlcv/123330.parquet,20251125
167,036420,ohlcv,parquet,/ohlcv/036420.parquet,20251125
168,014820,ohlcv,parquet,/ohlcv/014820.parquet,20251125
169,039830,ohlcv,parquet,/ohlcv/039830.parquet,20251125
170,347850,ohlcv,parquet,/ohlcv/347850.parquet,20251125
171,417500,ohlcv,parquet,/ohlcv/417500.parquet,20251125
172,018670,ohlcv,parquet,/ohlcv/018670.parquet,20251125
173,112040,ohlcv,parquet,/ohlcv/112040.parquet,20251125
174,397030,ohlcv,parquet,/ohlcv/397030.parquet,20251125
175,293580,ohlcv,parquet,/ohlcv/293580.parquet,20251125
176,080420,ohlcv,parquet,/ohlcv/080420.parquet,20251125
177,068930,ohlcv,parquet,/ohlcv/068930.parquet,20251125
178,420770,ohlcv,parquet,/ohlcv/420770.parquet,20251125
179,038290,ohlcv,parquet,/ohlcv/038290.parquet,20251125
180,163280,ohlcv,parquet,/ohlcv/163280.parquet,20251125
181,003220,ohlcv,parquet,/ohlcv/003220.parquet,20251125
182,021080,ohlcv,parquet,/ohlcv/021080.parquet,20251125
183,034230,ohlcv,parquet,/ohlcv/034230.parquet,20251125
184,002320,ohlcv,parquet,/ohlcv/002320.parquet,20251125
185,041190,ohlcv,parquet,/ohlcv/041190.parquet,20251125
186,025870,ohlcv,parquet,/ohlcv/025870.parquet,20251125
187,096760,ohlcv,parquet,/ohlcv/096760.parquet,20251125
188,003620,ohlcv,parquet,/ohlcv/003620.parquet,20251125
189,462350,ohlcv,parquet,/ohlcv/462350.parquet,20251125
190,018470,ohlcv,parquet,/ohlcv/018470.parquet,20251125
191,399720,ohlcv,parquet,/ohlcv/399720.parquet,20251125
192,092190,ohlcv,parquet,/ohlcv/092190.parquet,20251125
193,026960,ohlcv,parquet,/ohlcv/026960.parquet,20251125
194,019990,ohlcv,parquet,/ohlcv/019990.parquet,20251125
195,204270,ohlcv,parquet,/ohlcv/204270.parquet,20251125
196,383800,ohlcv,parquet,/ohlcv/383800.parquet,20251125
197,450950,ohlcv,parquet,/ohlcv/450950.parquet,20251125
198,297090,ohlcv,parquet,/ohlcv/297090.parquet,20251125
199,032820,ohlcv,parquet,/ohlcv/032820.parquet,20251125
200,302440,ohlcv,parquet,/ohlcv/302440.parquet,20251125
201,041440,ohlcv,parquet,/ohlcv/041440.parquet,20251125
202,004980,ohlcv,parquet,/ohlcv/004980.parquet,20251125
203,443670,ohlcv,parquet,/ohlcv/443670.parquet,20251125
204,095660,ohlcv,parquet,/ohlcv/095660.parquet,20251125
205,091810,ohlcv,parquet,/ohlcv/091810.parquet,20251125
206,065710,ohlcv,parquet,/ohlcv/065710.parquet,20251125
207,030530,ohlcv,parquet,/ohlcv/030530.parquet,20251125
208,012450,ohlcv,parquet,/ohlcv/012450.parquet,20251125
209,062040,ohlcv,parquet,/ohlcv/062040.parquet,20251125
210,134380,ohlcv,parquet,/ohlcv/134380.parquet,20251125
211,264660,ohlcv,parquet,/ohlcv/264660.parquet,20251125
212,004020,ohlcv,parquet,/ohlcv/004020.parquet,20251125
213,158430,ohlcv,parquet,/ohlcv/158430.parquet,20251125
214,006910,ohlcv,parquet,/ohlcv/006910.parquet,20251125
215,007540,ohlcv,parquet,/ohlcv/007540.parquet,20251125
216,081660,ohlcv,parquet,/ohlcv/081660.parquet,20251125
217,137400,ohlcv,parquet,/ohlcv/137400.parquet,20251125
218,462860,ohlcv,parquet,/ohlcv/462860.parquet,20251125
219,092070,ohlcv,parquet,/ohlcv/092070.parquet,20251125
220,206650,ohlcv,parquet,/ohlcv/206650.parquet,20251125
221,017900,ohlcv,parquet,/ohlcv/017900.parquet,20251125
222,082920,ohlcv,parquet,/ohlcv/082920.parquet,20251125
223,006840,ohlcv,parquet,/ohlcv/006840.parquet,20251125
224,011930,ohlcv,parquet,/ohlcv/011930.parquet,20251125
225,031330,ohlcv,parquet,/ohlcv/031330.parquet,20251125
226,459510,ohlcv,parquet,/ohlcv/459510.parquet,20251125
227,019680,ohlcv,parquet,/ohlcv/019680.parquet,20251125
228,205500,ohlcv,parquet,/ohlcv/205500.parquet,20251125
229,092730,ohlcv,parquet,/ohlcv/092730.parquet,20251125
230,450080,ohlcv,parquet,/ohlcv/450080.parquet,20251125
231,227840,ohlcv,parquet,/ohlcv/227840.parquet,20251125
232,000990,ohlcv,parquet,/ohlcv/000990.parquet,20251125
233,072870,ohlcv,parquet,/ohlcv/072870.parquet,20251125
234,297890,ohlcv,parquet,/ohlcv/297890.parquet,20251125
235,033340,ohlcv,parquet,/ohlcv/033340.parquet,20251125
236,058970,ohlcv,parquet,/ohlcv/058970.parquet,20251125
237,048410,ohlcv,parquet,/ohlcv/048410.parquet,20251125
238,323410,ohlcv,parquet,/ohlcv/323410.parquet,20251125
239,033290,ohlcv,parquet,/ohlcv/033290.parquet,20251125
240,001130,ohlcv,parquet,/ohlcv/001130.parquet,20251125
241,042660,ohlcv,parquet,/ohlcv/042660.parquet,20251125
242,001270,ohlcv,parquet,/ohlcv/001270.parquet,20251125
243,001060,ohlcv,parquet,/ohlcv/001060.parquet,20251125
244,042670,ohlcv,parquet,/ohlcv/042670.parquet,20251125
245,006060,ohlcv,parquet,/ohlcv/006060.parquet,20251125
246,001750,ohlcv,parquet,/ohlcv/001750.parquet,20251125
247,000270,ohlcv,parquet,/ohlcv/000270.parquet,20251125
248,108380,ohlcv,parquet,/ohlcv/108380.parquet,20251125
249,456070,ohlcv,parquet,/ohlcv/456070.parquet,20251125
250,025000,ohlcv,parquet,/ohlcv/025000.parquet,20251125
251,003350,ohlcv,parquet,/ohlcv/003350.parquet,20251125
252,101400,ohlcv,parquet,/ohlcv/101400.parquet,20251125
253,463020,ohlcv,parquet,/ohlcv/463020.parquet,20251125
254,298020,ohlcv,parquet,/ohlcv/298020.parquet,20251125
255,005830,ohlcv,parquet,/ohlcv/005830.parquet,20251125
256,388720,ohlcv,parquet,/ohlcv/388720.parquet,20251125
257,338840,ohlcv,parquet,/ohlcv/338840.parquet,20251125
258,425040,ohlcv,parquet,/ohlcv/425040.parquet,20251125
259,216080,ohlcv,parquet,/ohlcv/216080.parquet,20251125
260,031440,ohlcv,parquet,/ohlcv/031440.parquet,20251125
261,009580,ohlcv,parquet,/ohlcv/009580.parquet,20251125
262,009420,ohlcv,parquet,/ohlcv/009420.parquet,20251125
263,223250,ohlcv,parquet,/ohlcv/223250.parquet,20251125
264,007070,ohlcv,parquet,/ohlcv/007070.parquet,20251125
265,104480,ohlcv,parquet,/ohlcv/104480.parquet,20251125
266,021320,ohlcv,parquet,/ohlcv/021320.parquet,20251125
267,153710,ohlcv,parquet,/ohlcv/153710.parquet,20251125
268,214370,ohlcv,parquet,/ohlcv/214370.parquet,20251125
269,104700,ohlcv,parquet,/ohlcv/104700.parquet,20251125
270,008930,ohlcv,parquet,/ohlcv/008930.parquet,20251125
271,451760,ohlcv,parquet,/ohlcv/451760.parquet,20251125
272,065440,ohlcv,parquet,/ohlcv/065440.parquet,20251125
273,009520,ohlcv,parquet,/ohlcv/009520.parquet,20251125
274,017550,ohlcv,parquet,/ohlcv/017550.parquet,20251125
275,008060,ohlcv,parquet,/ohlcv/008060.parquet,20251125
276,005950,ohlcv,parquet,/ohlcv/005950.parquet,20251125
277,475400,ohlcv,parquet,/ohlcv/475400.parquet,20251125
278,078000,ohlcv,parquet,/ohlcv/078000.parquet,20251125
279,348370,ohlcv,parquet,/ohlcv/348370.parquet,20251125
280,314930,ohlcv,parquet,/ohlcv/314930.parquet,20251125
281,000720,ohlcv,parquet,/ohlcv/000720.parquet,20251125
282,361610,ohlcv,parquet,/ohlcv/361610.parquet,20251125
283,307870,ohlcv,parquet,/ohlcv/307870.parquet,20251125
284,002710,ohlcv,parquet,/ohlcv/002710.parquet,20251125
285,199820,ohlcv,parquet,/ohlcv/199820.parquet,20251125
286,103590,ohlcv,parquet,/ohlcv/103590.parquet,20251125
287,089590,ohlcv,parquet,/ohlcv/089590.parquet,20251125
288,179900,ohlcv,parquet,/ohlcv/179900.parquet,20251125
289,017370,ohlcv,parquet,/ohlcv/017370.parquet,20251125
290,204320,ohlcv,parquet,/ohlcv/204320.parquet,20251125
291,405100,ohlcv,parquet,/ohlcv/405100.parquet,20251125
292,024880,ohlcv,parquet,/ohlcv/024880.parquet,20251125
293,383930,ohlcv,parquet,/ohlcv/383930.parquet,20251125
294,023600,ohlcv,parquet,/ohlcv/023600.parquet,20251125
295,099750,ohlcv,parquet,/ohlcv/099750.parquet,20251125
296,138610,ohlcv,parquet,/ohlcv/138610.parquet,20251125
297,032500,ohlcv,parquet,/ohlcv/032500.parquet,20251125
298,225530,ohlcv,parquet,/ohlcv/225530.parquet,20251125
299,141080,ohlcv,parquet,/ohlcv/141080.parquet,20251125
300,194370,ohlcv,parquet,/ohlcv/194370.parquet,20251125
301,079960,ohlcv,parquet,/ohlcv/079960.parquet,20251125
302,054450,ohlcv,parquet,/ohlcv/054450.parquet,20251125
303,004000,ohlcv,parquet,/ohlcv/004000.parquet,20251125
304,003960,ohlcv,parquet,/ohlcv/003960.parquet,20251125
305,036190,ohlcv,parquet,/ohlcv/036190.parquet,20251125
306,246720,ohlcv,parquet,/ohlcv/246720.parquet,20251125
307,290650,ohlcv,parquet,/ohlcv/290650.parquet,20251125
308,094170,ohlcv,parquet,/ohlcv/094170.parquet,20251125
309,037460,ohlcv,parquet,/ohlcv/037460.parquet,20251125
310,083450,ohlcv,parquet,/ohlcv/083450.parquet,20251125
311,274090,ohlcv,parquet,/ohlcv/274090.parquet,20251125
312,049960,ohlcv,parquet,/ohlcv/049960.parquet,20251125
313,330590,ohlcv,parquet,/ohlcv/330590.parquet,20251125
314,217270,ohlcv,parquet,/ohlcv/217270.parquet,20251125
315,318060,ohlcv,parquet,/ohlcv/318060.parquet,20251125
316,063440,ohlcv,parquet,/ohlcv/063440.parquet,20251125
317,051160,ohlcv,parquet,/ohlcv/051160.parquet,20251125
318,007690,ohlcv,parquet,/ohlcv/007690.parquet,20251125
319,462870,ohlcv,parquet,/ohlcv/462870.parquet,20251125
320,439260,ohlcv,parquet,/ohlcv/439260.parquet,20251125
321,008500,ohlcv,parquet,/ohlcv/008500.parquet,20251125
322,032940,ohlcv,parquet,/ohlcv/032940.parquet,20251125
323,136540,ohlcv,parquet,/ohlcv/136540.parquet,20251125
324,126340,ohlcv,parquet,/ohlcv/126340.parquet,20251125
325,377190,ohlcv,parquet,/ohlcv/377190.parquet,20251125
326,195870,ohlcv,parquet,/ohlcv/195870.parquet,20251125
327,314130,ohlcv,parquet,/ohlcv/314130.parquet,20251125
328,377740,ohlcv,parquet,/ohlcv/377740.parquet,20251125
329,402490,ohlcv,parquet,/ohlcv/402490.parquet,20251125
330,088130,ohlcv,parquet,/ohlcv/088130.parquet,20251125
331,004800,ohlcv,parquet,/ohlcv/004800.parquet,20251125
332,009970,ohlcv,parquet,/ohlcv/009970.parquet,20251125
333,360070,ohlcv,parquet,/ohlcv/360070.parquet,20251125
334,215100,ohlcv,parquet,/ohlcv/215100.parquet,20251125
335,474650,ohlcv,parquet,/ohlcv/474650.parquet,20251125
336,026040,ohlcv,parquet,/ohlcv/026040.parquet,20251125
337,298690,ohlcv,parquet,/ohlcv/298690.parquet,20251125
338,272450,ohlcv,parquet,/ohlcv/272450.parquet,20251125
339,336680,ohlcv,parquet,/ohlcv/336680.parquet,20251125
340,459550,ohlcv,parquet,/ohlcv/459550.parquet,20251125
341,094480,ohlcv,parquet,/ohlcv/094480.parquet,20251125
342,096770,ohlcv,parquet,/ohlcv/096770.parquet,20251125
343,119610,ohlcv,parquet,/ohlcv/119610.parquet,20251125
344,086060,ohlcv,parquet,/ohlcv/086060.parquet,20251125
345,098120,ohlcv,parquet,/ohlcv/098120.parquet,20251125
346,099410,ohlcv,parquet,/ohlcv/099410.parquet,20251125
347,214150,ohlcv,parquet,/ohlcv/214150.parquet,20251125
348,123860,ohlcv,parquet,/ohlcv/123860.parquet,20251125
349,025820,ohlcv,parquet,/ohlcv/025820.parquet,20251125
350,417200,ohlcv,parquet,/ohlcv/417200.parquet,20251125
351,146320,ohlcv,parquet,/ohlcv/146320.parquet,20251125
352,131970,ohlcv,parquet,/ohlcv/131970.parquet,20251125
353,086890,ohlcv,parquet,/ohlcv/086890.parquet,20251125
354,004060,ohlcv,parquet,/ohlcv/004060.parquet,20251125
355,166090,ohlcv,parquet,/ohlcv/166090.parquet,20251125
356,389030,ohlcv,parquet,/ohlcv/389030.parquet,20251125
357,029780,ohlcv,parquet,/ohlcv/029780.parquet,20251125
358,066570,ohlcv,parquet,/ohlcv/066570.parquet,20251125
359,309710,ohlcv,parquet,/ohlcv/309710.parquet,20251125
360,033230,ohlcv,parquet,/ohlcv/033230.parquet,20251125
361,290550,ohlcv,parquet,/ohlcv/290550.parquet,20251125
362,457550,ohlcv,parquet,/ohlcv/457550.parquet,20251125
363,950130,ohlcv,parquet,/ohlcv/950130.parquet,20251125
364,009240,ohlcv,parquet,/ohlcv/009240.parquet,20251125
365,017960,ohlcv,parquet,/ohlcv/017960.parquet,20251125
366,140410,ohlcv,parquet,/ohlcv/140410.parquet,20251125
367,372170,ohlcv,parquet,/ohlcv/372170.parquet,20251125
368,270520,ohlcv,parquet,/ohlcv/270520.parquet,20251125
369,014280,ohlcv,parquet,/ohlcv/014280.parquet,20251125
370,365340,ohlcv,parquet,/ohlcv/365340.parquet,20251125
371,036710,ohlcv,parquet,/ohlcv/036710.parquet,20251125
372,236200,ohlcv,parquet,/ohlcv/236200.parquet,20251125
373,054800,ohlcv,parquet,/ohlcv/054800.parquet,20251125
374,071840,ohlcv,parquet,/ohlcv/071840.parquet,20251125
375,000430,ohlcv,parquet,/ohlcv/000430.parquet,20251125
376,035080,ohlcv,parquet,/ohlcv/035080.parquet,20251125
377,019010,ohlcv,parquet,/ohlcv/019010.parquet,20251125
378,277880,ohlcv,parquet,/ohlcv/277880.parquet,20251125
379,066970,ohlcv,parquet,/ohlcv/066970.parquet,20251125
380,307930,ohlcv,parquet,/ohlcv/307930.parquet,20251125
381,003060,ohlcv,parquet,/ohlcv/003060.parquet,20251125
382,161890,ohlcv,parquet,/ohlcv/161890.parquet,20251125
383,016710,ohlcv,parquet,/ohlcv/016710.parquet,20251125
384,388210,ohlcv,parquet,/ohlcv/388210.parquet,20251125
385,066700,ohlcv,parquet,/ohlcv/066700.parquet,20251125
386,093520,ohlcv,parquet,/ohlcv/093520.parquet,20251125
387,036220,ohlcv,parquet,/ohlcv/036220.parquet,20251125
388,052330,ohlcv,parquet,/ohlcv/052330.parquet,20251125
389,267980,ohlcv,parquet,/ohlcv/267980.parquet,20251125
390,065350,ohlcv,parquet,/ohlcv/065350.parquet,20251125
391,033100,ohlcv,parquet,/ohlcv/033100.parquet,20251125
392,140430,ohlcv,parquet,/ohlcv/140430.parquet,20251125
393,287840,ohlcv,parquet,/ohlcv/287840.parquet,20251125
394,025620,ohlcv,parquet,/ohlcv/025620.parquet,20251125
395,234030,ohlcv,parquet,/ohlcv/234030.parquet,20251125
396,078150,ohlcv,parquet,/ohlcv/078150.parquet,20251125
397,059270,ohlcv,parquet,/ohlcv/059270.parquet,20251125
398,004100,ohlcv,parquet,/ohlcv/004100.parquet,20251125
399,035250,ohlcv,parquet,/ohlcv/035250.parquet,20251125
400,322180,ohlcv,parquet,/ohlcv/322180.parquet,20251125
401,461300,ohlcv,parquet,/ohlcv/461300.parquet,20251125
402,128820,ohlcv,parquet,/ohlcv/128820.parquet,20251125
403,214450,ohlcv,parquet,/ohlcv/214450.parquet,20251125
404,006040,ohlcv,parquet,/ohlcv/006040.parquet,20251125
405,005250,ohlcv,parquet,/ohlcv/005250.parquet,20251125
406,161000,ohlcv,parquet,/ohlcv/161000.parquet,20251125
407,356890,ohlcv,parquet,/ohlcv/356890.parquet,20251125
408,357550,ohlcv,parquet,/ohlcv/357550.parquet,20251125
409,030190,ohlcv,parquet,/ohlcv/030190.parquet,20251125
410,101970,ohlcv,parquet,/ohlcv/101970.parquet,20251125
411,058730,ohlcv,parquet,/ohlcv/058730.parquet,20251125
412,011790,ohlcv,parquet,/ohlcv/011790.parquet,20251125
413,043150,ohlcv,parquet,/ohlcv/043150.parquet,20251125
414,082640,ohlcv,parquet,/ohlcv/082640.parquet,20251125
415,009780,ohlcv,parquet,/ohlcv/009780.parquet,20251125
416,336060,ohlcv,parquet,/ohlcv/336060.parquet,20251125
417,054920,ohlcv,parquet,/ohlcv/054920.parquet,20251125
418,326030,ohlcv,parquet,/ohlcv/326030.parquet,20251125
419,046970,ohlcv,parquet,/ohlcv/046970.parquet,20251125
420,067390,ohlcv,parquet,/ohlcv/067390.parquet,20251125
421,060150,ohlcv,parquet,/ohlcv/060150.parquet,20251125
422,400760,ohlcv,parquet,/ohlcv/400760.parquet,20251125
423,047560,ohlcv,parquet,/ohlcv/047560.parquet,20251125
424,417310,ohlcv,parquet,/ohlcv/417310.parquet,20251125
425,046890,ohlcv,parquet,/ohlcv/046890.parquet,20251125
426,086520,ohlcv,parquet,/ohlcv/086520.parquet,20251125
427,010130,ohlcv,parquet,/ohlcv/010130.parquet,20251125
428,048910,ohlcv,parquet,/ohlcv/048910.parquet,20251125
429,059090,ohlcv,parquet,/ohlcv/059090.parquet,20251125
430,003280,ohlcv,parquet,/ohlcv/003280.parquet,20251125
431,092230,ohlcv,parquet,/ohlcv/092230.parquet,20251125
432,034310,ohlcv,parquet,/ohlcv/034310.parquet,20251125
433,006340,ohlcv,parquet,/ohlcv/006340.parquet,20251125
434,118990,ohlcv,parquet,/ohlcv/118990.parquet,20251125
435,437730,ohlcv,parquet,/ohlcv/437730.parquet,20251125
436,190510,ohlcv,parquet,/ohlcv/190510.parquet,20251125
437,054950,ohlcv,parquet,/ohlcv/054950.parquet,20251125
438,183190,ohlcv,parquet,/ohlcv/183190.parquet,20251125
439,003650,ohlcv,parquet,/ohlcv/003650.parquet,20251125
440,044450,ohlcv,parquet,/ohlcv/044450.parquet,20251125
441,199480,ohlcv,parquet,/ohlcv/199480.parquet,20251125
442,101360,ohlcv,parquet,/ohlcv/101360.parquet,20251125
443,083420,ohlcv,parquet,/ohlcv/083420.parquet,20251125
444,075580,ohlcv,parquet,/ohlcv/075580.parquet,20251125
445,144510,ohlcv,parquet,/ohlcv/144510.parquet,20251125
446,099190,ohlcv,parquet,/ohlcv/099190.parquet,20251125
447,035810,ohlcv,parquet,/ohlcv/035810.parquet,20251125
448,348210,ohlcv,parquet,/ohlcv/348210.parquet,20251125
449,192440,ohlcv,parquet,/ohlcv/192440.parquet,20251125
450,009540,ohlcv,parquet,/ohlcv/009540.parquet,20251125
451,017670,ohlcv,parquet,/ohlcv/017670.parquet,20251125
452,090710,ohlcv,parquet,/ohlcv/090710.parquet,20251125
453,067900,ohlcv,parquet,/ohlcv/067900.parquet,20251125
454,126700,ohlcv,parquet,/ohlcv/126700.parquet,20251125
455,439580,ohlcv,parquet,/ohlcv/439580.parquet,20251125
456,187790,ohlcv,parquet,/ohlcv/187790.parquet,20251125
457,058630,ohlcv,parquet,/ohlcv/058630.parquet,20251125
458,041930,ohlcv,parquet,/ohlcv/041930.parquet,20251125
459,371950,ohlcv,parquet,/ohlcv/371950.parquet,20251125
460,010060,ohlcv,parquet,/ohlcv/010060.parquet,20251125
461,303360,ohlcv,parquet,/ohlcv/303360.parquet,20251125
462,177900,ohlcv,parquet,/ohlcv/177900.parquet,20251125
463,900290,ohlcv,parquet,/ohlcv/900290.parquet,20251125
464,043610,ohlcv,parquet,/ohlcv/043610.parquet,20251125
465,476040,ohlcv,parquet,/ohlcv/476040.parquet,20251125
466,014710,ohlcv,parquet,/ohlcv/014710.parquet,20251125
467,019180,ohlcv,parquet,/ohlcv/019180.parquet,20251125
468,007330,ohlcv,parquet,/ohlcv/007330.parquet,20251125
469,257720,ohlcv,parquet,/ohlcv/257720.parquet,20251125
470,350520,ohlcv,parquet,/ohlcv/350520.parquet,20251125
471,000810,ohlcv,parquet,/ohlcv/000810.parquet,20251125
472,418420,ohlcv,parquet,/ohlcv/418420.parquet,20251125
473,008730,ohlcv,parquet,/ohlcv/008730.parquet,20251125
474,270660,ohlcv,parquet,/ohlcv/270660.parquet,20251125
475,443250,ohlcv,parquet,/ohlcv/443250.parquet,20251125
476,448730,ohlcv,parquet,/ohlcv/448730.parquet,20251125
477,175140,ohlcv,parquet,/ohlcv/175140.parquet,20251125
478,488900,ohlcv,parquet,/ohlcv/488900.parquet,20251125
479,138080,ohlcv,parquet,/ohlcv/138080.parquet,20251125
480,229640,ohlcv,parquet,/ohlcv/229640.parquet,20251125
481,071950,ohlcv,parquet,/ohlcv/071950.parquet,20251125
482,227610,ohlcv,parquet,/ohlcv/227610.parquet,20251125
483,011200,ohlcv,parquet,/ohlcv/011200.parquet,20251125
484,032830,ohlcv,parquet,/ohlcv/032830.parquet,20251125
485,089970,ohlcv,parquet,/ohlcv/089970.parquet,20251125
486,001080,ohlcv,parquet,/ohlcv/001080.parquet,20251125
487,001020,ohlcv,parquet,/ohlcv/001020.parquet,20251125
488,093190,ohlcv,parquet,/ohlcv/093190.parquet,20251125
489,036570,ohlcv,parquet,/ohlcv/036570.parquet,20251125
490,004090,ohlcv,parquet,/ohlcv/004090.parquet,20251125
491,336370,ohlcv,parquet,/ohlcv/336370.parquet,20251125
492,319400,ohlcv,parquet,/ohlcv/319400.parquet,20251125
493,053080,ohlcv,parquet,/ohlcv/053080.parquet,20251125
494,144960,ohlcv,parquet,/ohlcv/144960.parquet,20251125
495,000070,ohlcv,parquet,/ohlcv/000070.parquet,20251125
496,110990,ohlcv,parquet,/ohlcv/110990.parquet,20251125
497,001740,ohlcv,parquet,/ohlcv/001740.parquet,20251125
498,060980,ohlcv,parquet,/ohlcv/060980.parquet,20251125
499,115180,ohlcv,parquet,/ohlcv/115180.parquet,20251125
500,004700,ohlcv,parquet,/ohlcv/004700.parquet,20251125
501,007390,ohlcv,parquet,/ohlcv/007390.parquet,20251125
502,064350,ohlcv,parquet,/ohlcv/064350.parquet,20251125
503,011150,ohlcv,parquet,/ohlcv/011150.parquet,20251125
504,344820,ohlcv,parquet,/ohlcv/344820.parquet,20251125
505,056090,ohlcv,parquet,/ohlcv/056090.parquet,20251125
506,018880,ohlcv,parquet,/ohlcv/018880.parquet,20251125
507,009680,ohlcv,parquet,/ohlcv/009680.parquet,20251125
508,005490,ohlcv,parquet,/ohlcv/005490.parquet,20251125
509,263800,ohlcv,parquet,/ohlcv/263800.parquet,20251125
510,331380,ohlcv,parquet,/ohlcv/331380.parquet,20251125
511,011690,ohlcv,parquet,/ohlcv/011690.parquet,20251125
512,086980,ohlcv,parquet,/ohlcv/086980.parquet,20251125
513,230360,ohlcv,parquet,/ohlcv/230360.parquet,20251125
514,237880,ohlcv,parquet,/ohlcv/237880.parquet,20251125
515,018290,ohlcv,parquet,/ohlcv/018290.parquet,20251125
516,003800,ohlcv,parquet,/ohlcv/003800.parquet,20251125
517,004710,ohlcv,parquet,/ohlcv/004710.parquet,20251125
518,035720,ohlcv,parquet,/ohlcv/035720.parquet,20251125
519,001530,ohlcv,parquet,/ohlcv/001530.parquet,20251125
520,011170,ohlcv,parquet,/ohlcv/011170.parquet,20251125
521,092460,ohlcv,parquet,/ohlcv/092460.parquet,20251125
522,028300,ohlcv,parquet,/ohlcv/028300.parquet,20251125
523,072710,ohlcv,parquet,/ohlcv/072710.parquet,20251125
524,424870,ohlcv,parquet,/ohlcv/424870.parquet,20251125
525,298540,ohlcv,parquet,/ohlcv/298540.parquet,20251125
526,060570,ohlcv,parquet,/ohlcv/060570.parquet,20251125
527,125210,ohlcv,parquet,/ohlcv/125210.parquet,20251125
528,002240,ohlcv,parquet,/ohlcv/002240.parquet,20251125
529,308430,ohlcv,parquet,/ohlcv/308430.parquet,20251125
530,248170,ohlcv,parquet,/ohlcv/248170.parquet,20251125
531,316140,ohlcv,parquet,/ohlcv/316140.parquet,20251125
532,042600,ohlcv,parquet,/ohlcv/042600.parquet,20251125
533,012630,ohlcv,parquet,/ohlcv/012630.parquet,20251125
534,255440,ohlcv,parquet,/ohlcv/255440.parquet,20251125
535,487570,ohlcv,parquet,/ohlcv/487570.parquet,20251125
536,101490,ohlcv,parquet,/ohlcv/101490.parquet,20251125
537,015890,ohlcv,parquet,/ohlcv/015890.parquet,20251125
538,090460,ohlcv,parquet,/ohlcv/090460.parquet,20251125
539,052260,ohlcv,parquet,/ohlcv/052260.parquet,20251125
540,251270,ohlcv,parquet,/ohlcv/251270.parquet,20251125
541,119850,ohlcv,parquet,/ohlcv/119850.parquet,20251125
542,106080,ohlcv,parquet,/ohlcv/106080.parquet,20251125
543,466100,ohlcv,parquet,/ohlcv/466100.parquet,20251125
544,123410,ohlcv,parquet,/ohlcv/123410.parquet,20251125
545,322780,ohlcv,parquet,/ohlcv/322780.parquet,20251125
546,010660,ohlcv,parquet,/ohlcv/010660.parquet,20251125
547,078890,ohlcv,parquet,/ohlcv/078890.parquet,20251125
548,103140,ohlcv,parquet,/ohlcv/103140.parquet,20251125
549,078070,ohlcv,parquet,/ohlcv/078070.parquet,20251125
550,093240,ohlcv,parquet,/ohlcv/093240.parquet,20251125
551,036560,ohlcv,parquet,/ohlcv/036560.parquet,20251125
552,051360,ohlcv,parquet,/ohlcv/051360.parquet,20251125
553,094800,ohlcv,parquet,/ohlcv/094800.parquet,20251125
554,317450,ohlcv,parquet,/ohlcv/317450.parquet,20251125
555,210540,ohlcv,parquet,/ohlcv/210540.parquet,20251125
556,023910,ohlcv,parquet,/ohlcv/023910.parquet,20251125
557,010580,ohlcv,parquet,/ohlcv/010580.parquet,20251125
558,126600,ohlcv,parquet,/ohlcv/126600.parquet,20251125
559,007310,ohlcv,parquet,/ohlcv/007310.parquet,20251125
560,005710,ohlcv,parquet,/ohlcv/005710.parquet,20251125
561,079900,ohlcv,parquet,/ohlcv/079900.parquet,20251125
562,078340,ohlcv,parquet,/ohlcv/078340.parquet,20251125
563,357780,ohlcv,parquet,/ohlcv/357780.parquet,20251125
564,011210,ohlcv,parquet,/ohlcv/011210.parquet,20251125
565,058650,ohlcv,parquet,/ohlcv/058650.parquet,20251125
566,207940,ohlcv,parquet,/ohlcv/207940.parquet,20251125
567,038390,ohlcv,parquet,/ohlcv/038390.parquet,20251125
568,230240,ohlcv,parquet,/ohlcv/230240.parquet,20251125
569,065450,ohlcv,parquet,/ohlcv/065450.parquet,20251125
570,482630,ohlcv,parquet,/ohlcv/482630.parquet,20251125
571,009730,ohlcv,parquet,/ohlcv/009730.parquet,20251125
572,143240,ohlcv,parquet,/ohlcv/143240.parquet,20251125
573,117730,ohlcv,parquet,/ohlcv/117730.parquet,20251125
574,215000,ohlcv,parquet,/ohlcv/215000.parquet,20251125
575,290690,ohlcv,parquet,/ohlcv/290690.parquet,20251125
576,101530,ohlcv,parquet,/ohlcv/101530.parquet,20251125
577,317400,ohlcv,parquet,/ohlcv/317400.parquet,20251125
578,015760,ohlcv,parquet,/ohlcv/015760.parquet,20251125
579,025900,ohlcv,parquet,/ohlcv/025900.parquet,20251125
580,241520,ohlcv,parquet,/ohlcv/241520.parquet,20251125
581,452280,ohlcv,parquet,/ohlcv/452280.parquet,20251125
582,016360,ohlcv,parquet,/ohlcv/016360.parquet,20251125
583,082740,ohlcv,parquet,/ohlcv/082740.parquet,20251125
584,322000,ohlcv,parquet,/ohlcv/322000.parquet,20251125
585,007810,ohlcv,parquet,/ohlcv/007810.parquet,20251125
586,079550,ohlcv,parquet,/ohlcv/079550.parquet,20251125
587,000680,ohlcv,parquet,/ohlcv/000680.parquet,20251125
588,0008Z0,ohlcv,parquet,/ohlcv/0008Z0.parquet,20251125
589,000400,ohlcv,parquet,/ohlcv/000400.parquet,20251125
590,228670,ohlcv,parquet,/ohlcv/228670.parquet,20251125
591,278470,ohlcv,parquet,/ohlcv/278470.parquet,20251125
592,005380,ohlcv,parquet,/ohlcv/005380.parquet,20251125
593,088980,ohlcv,parquet,/ohlcv/088980.parquet,20251125
594,085910,ohlcv,parquet,/ohlcv/085910.parquet,20251125
595,111770,ohlcv,parquet,/ohlcv/111770.parquet,20251125
596,293490,ohlcv,parquet,/ohlcv/293490.parquet,20251125
597,215200,ohlcv,parquet,/ohlcv/215200.parquet,20251125
598,047400,ohlcv,parquet,/ohlcv/047400.parquet,20251125
599,102260,ohlcv,parquet,/ohlcv/102260.parquet,20251125
600,002310,ohlcv,parquet,/ohlcv/002310.parquet,20251125
601,072770,ohlcv,parquet,/ohlcv/072770.parquet,20251125
602,033790,ohlcv,parquet,/ohlcv/033790.parquet,20251125
603,382840,ohlcv,parquet,/ohlcv/382840.parquet,20251125
604,108860,ohlcv,parquet,/ohlcv/108860.parquet,20251125
605,080580,ohlcv,parquet,/ohlcv/080580.parquet,20251125
606,028100,ohlcv,parquet,/ohlcv/028100.parquet,20251125
607,002960,ohlcv,parquet,/ohlcv/002960.parquet,20251125
608,085660,ohlcv,parquet,/ohlcv/085660.parquet,20251125
609,023790,ohlcv,parquet,/ohlcv/023790.parquet,20251125
610,084690,ohlcv,parquet,/ohlcv/084690.parquet,20251125
611,001500,ohlcv,parquet,/ohlcv/001500.parquet,20251125
612,192650,ohlcv,parquet,/ohlcv/192650.parquet,20251125
613,013990,ohlcv,parquet,/ohlcv/013990.parquet,20251125
614,001630,ohlcv,parquet,/ohlcv/001630.parquet,20251125
615,043260,ohlcv,parquet,/ohlcv/043260.parquet,20251125
616,451250,ohlcv,parquet,/ohlcv/451250.parquet,20251125
617,298380,ohlcv,parquet,/ohlcv/298380.parquet,20251125
618,039570,ohlcv,parquet,/ohlcv/039570.parquet,20251125
619,096240,ohlcv,parquet,/ohlcv/096240.parquet,20251125
620,458650,ohlcv,parquet,/ohlcv/458650.parquet,20251125
621,064960,ohlcv,parquet,/ohlcv/064960.parquet,20251125
622,016880,ohlcv,parquet,/ohlcv/016880.parquet,20251125
623,012030,ohlcv,parquet,/ohlcv/012030.parquet,20251125
624,002810,ohlcv,parquet,/ohlcv/002810.parquet,20251125
625,035420,ohlcv,parquet,/ohlcv/035420.parquet,20251125
626,327260,ohlcv,parquet,/ohlcv/327260.parquet,20251125
627,123890,ohlcv,parquet,/ohlcv/123890.parquet,20251125
628,209640,ohlcv,parquet,/ohlcv/209640.parquet,20251125
629,332570,ohlcv,parquet,/ohlcv/332570.parquet,20251125
630,003670,ohlcv,parquet,/ohlcv/003670.parquet,20251125
631,004430,ohlcv,parquet,/ohlcv/004430.parquet,20251125
632,000140,ohlcv,parquet,/ohlcv/000140.parquet,20251125
633,018000,ohlcv,parquet,/ohlcv/018000.parquet,20251125
634,389470,ohlcv,parquet,/ohlcv/389470.parquet,20251125
635,450330,ohlcv,parquet,/ohlcv/450330.parquet,20251125
636,017810,ohlcv,parquet,/ohlcv/017810.parquet,20251125
637,009310,ohlcv,parquet,/ohlcv/009310.parquet,20251125
638,053300,ohlcv,parquet,/ohlcv/053300.parquet,20251125
639,005300,ohlcv,parquet,/ohlcv/005300.parquet,20251125
640,101140,ohlcv,parquet,/ohlcv/101140.parquet,20251125
641,260970,ohlcv,parquet,/ohlcv/260970.parquet,20251125
642,232140,ohlcv,parquet,/ohlcv/232140.parquet,20251125
643,107590,ohlcv,parquet,/ohlcv/107590.parquet,20251125
644,005880,ohlcv,parquet,/ohlcv/005880.parquet,20251125
645,005690,ohlcv,parquet,/ohlcv/005690.parquet,20251125
646,001790,ohlcv,parquet,/ohlcv/001790.parquet,20251125
647,348950,ohlcv,parquet,/ohlcv/348950.parquet,20251125
648,005940,ohlcv,parquet,/ohlcv/005940.parquet,20251125
649,006260,ohlcv,parquet,/ohlcv/006260.parquet,20251125
650,255220,ohlcv,parquet,/ohlcv/255220.parquet,20251125
651,412350,ohlcv,parquet,/ohlcv/412350.parquet,20251125
652,011280,ohlcv,parquet,/ohlcv/011280.parquet,20251125
653,119830,ohlcv,parquet,/ohlcv/119830.parquet,20251125
654,004080,ohlcv,parquet,/ohlcv/004080.parquet,20251125
655,060280,ohlcv,parquet,/ohlcv/060280.parquet,20251125
656,024060,ohlcv,parquet,/ohlcv/024060.parquet,20251125
657,179530,ohlcv,parquet,/ohlcv/179530.parquet,20251125
658,007340,ohlcv,parquet,/ohlcv/007340.parquet,20251125
659,095570,ohlcv,parquet,/ohlcv/095570.parquet,20251125
660,452190,ohlcv,parquet,/ohlcv/452190.parquet,20251125
661,285130,ohlcv,parquet,/ohlcv/285130.parquet,20251125
662,095700,ohlcv,parquet,/ohlcv/095700.parquet,20251125
663,022100,ohlcv,parquet,/ohlcv/022100.parquet,20251125
664,136480,ohlcv,parquet,/ohlcv/136480.parquet,20251125
665,377450,ohlcv,parquet,/ohlcv/377450.parquet,20251125
666,347890,ohlcv,parquet,/ohlcv/347890.parquet,20251125
667,032860,ohlcv,parquet,/ohlcv/032860.parquet,20251125
668,403870,ohlcv,parquet,/ohlcv/403870.parquet,20251125
669,104830,ohlcv,parquet,/ohlcv/104830.parquet,20251125
670,066620,ohlcv,parquet,/ohlcv/066620.parquet,20251125
671,382150,ohlcv,parquet,/ohlcv/382150.parquet,20251125
672,086900,ohlcv,parquet,/ohlcv/086900.parquet,20251125
673,047810,ohlcv,parquet,/ohlcv/047810.parquet,20251125
674,034590,ohlcv,parquet,/ohlcv/034590.parquet,20251125
675,381620,ohlcv,parquet,/ohlcv/381620.parquet,20251125
676,041920,ohlcv,parquet,/ohlcv/041920.parquet,20251125
677,294140,ohlcv,parquet,/ohlcv/294140.parquet,20251125
678,309960,ohlcv,parquet,/ohlcv/309960.parquet,20251125
679,030520,ohlcv,parquet,/ohlcv/030520.parquet,20251125
680,023770,ohlcv,parquet,/ohlcv/023770.parquet,20251125
681,049720,ohlcv,parquet,/ohlcv/049720.parquet,20251125
682,037070,ohlcv,parquet,/ohlcv/037070.parquet,20251125
683,003690,ohlcv,parquet,/ohlcv/003690.parquet,20251125
684,483650,ohlcv,parquet,/ohlcv/483650.parquet,20251125
685,093050,ohlcv,parquet,/ohlcv/093050.parquet,20251125
686,007160,ohlcv,parquet,/ohlcv/007160.parquet,20251125
687,138490,ohlcv,parquet,/ohlcv/138490.parquet,20251125
688,060720,ohlcv,parquet,/ohlcv/060720.parquet,20251125
689,0015G0,ohlcv,parquet,/ohlcv/0015G0.parquet,20251125
690,005870,ohlcv,parquet,/ohlcv/005870.parquet,20251125
691,095610,ohlcv,parquet,/ohlcv/095610.parquet,20251125
692,095340,ohlcv,parquet,/ohlcv/095340.parquet,20251125
693,307750,ohlcv,parquet,/ohlcv/307750.parquet,20251125
694,005180,ohlcv,parquet,/ohlcv/005180.parquet,20251125
695,039860,ohlcv,parquet,/ohlcv/039860.parquet,20251125
696,086280,ohlcv,parquet,/ohlcv/086280.parquet,20251125
697,002200,ohlcv,parquet,/ohlcv/002200.parquet,20251125
698,272110,ohlcv,parquet,/ohlcv/272110.parquet,20251125
699,122870,ohlcv,parquet,/ohlcv/122870.parquet,20251125
700,017510,ohlcv,parquet,/ohlcv/017510.parquet,20251125
701,004170,ohlcv,parquet,/ohlcv/004170.parquet,20251125
702,475230,ohlcv,parquet,/ohlcv/475230.parquet,20251125
703,120030,ohlcv,parquet,/ohlcv/120030.parquet,20251125
704,000520,ohlcv,parquet,/ohlcv/000520.parquet,20251125
705,020560,ohlcv,parquet,/ohlcv/020560.parquet,20251125
706,340570,ohlcv,parquet,/ohlcv/340570.parquet,20251125
707,000660,ohlcv,parquet,/ohlcv/000660.parquet,20251125
708,115500,ohlcv,parquet,/ohlcv/115500.parquet,20251125
709,020150,ohlcv,parquet,/ohlcv/020150.parquet,20251125
710,272290,ohlcv,parquet,/ohlcv/272290.parquet,20251125
711,378800,ohlcv,parquet,/ohlcv/378800.parquet,20251125
712,445090,ohlcv,parquet,/ohlcv/445090.parquet,20251125
713,056190,ohlcv,parquet,/ohlcv/056190.parquet,20251125
714,489460,ohlcv,parquet,/ohlcv/489460.parquet,20251125
715,109740,ohlcv,parquet,/ohlcv/109740.parquet,20251125
716,131370,ohlcv,parquet,/ohlcv/131370.parquet,20251125
717,307180,ohlcv,parquet,/ohlcv/307180.parquet,20251125
718,060250,ohlcv,parquet,/ohlcv/060250.parquet,20251125
719,295310,ohlcv,parquet,/ohlcv/295310.parquet,20251125
720,352480,ohlcv,parquet,/ohlcv/352480.parquet,20251125
721,088340,ohlcv,parquet,/ohlcv/088340.parquet,20251125
722,307950,ohlcv,parquet,/ohlcv/307950.parquet,20251125
723,051900,ohlcv,parquet,/ohlcv/051900.parquet,20251125
724,248070,ohlcv,parquet,/ohlcv/248070.parquet,20251125
725,460850,ohlcv,parquet,/ohlcv/460850.parquet,20251125
726,251120,ohlcv,parquet,/ohlcv/251120.parquet,20251125
727,077500,ohlcv,parquet,/ohlcv/077500.parquet,20251125
728,005070,ohlcv,parquet,/ohlcv/005070.parquet,20251125
729,004560,ohlcv,parquet,/ohlcv/004560.parquet,20251125
730,039200,ohlcv,parquet,/ohlcv/039200.parquet,20251125
731,299030,ohlcv,parquet,/ohlcv/299030.parquet,20251125
732,256840,ohlcv,parquet,/ohlcv/256840.parquet,20251125
733,003570,ohlcv,parquet,/ohlcv/003570.parquet,20251125
734,298830,ohlcv,parquet,/ohlcv/298830.parquet,20251125
735,036890,ohlcv,parquet,/ohlcv/036890.parquet,20251125
736,000910,ohlcv,parquet,/ohlcv/000910.parquet,20251125
737,402030,ohlcv,parquet,/ohlcv/402030.parquet,20251125
738,192820,ohlcv,parquet,/ohlcv/192820.parquet,20251125
739,214180,ohlcv,parquet,/ohlcv/214180.parquet,20251125
740,034810,ohlcv,parquet,/ohlcv/034810.parquet,20251125
741,000490,ohlcv,parquet,/ohlcv/000490.parquet,20251125
742,053350,ohlcv,parquet,/ohlcv/053350.parquet,20251125
743,320000,ohlcv,parquet,/ohlcv/320000.parquet,20251125
744,396690,ohlcv,parquet,/ohlcv/396690.parquet,20251125
745,126560,ohlcv,parquet,/ohlcv/126560.parquet,20251125
746,000650,ohlcv,parquet,/ohlcv/000650.parquet,20251125
747,456010,ohlcv,parquet,/ohlcv/456010.parquet,20251125
748,138930,ohlcv,parquet,/ohlcv/138930.parquet,20251125
749,006650,ohlcv,parquet,/ohlcv/006650.parquet,20251125
750,005680,ohlcv,parquet,/ohlcv/005680.parquet,20251125
751,092870,ohlcv,parquet,/ohlcv/092870.parquet,20251125
752,088800,ohlcv,parquet,/ohlcv/088800.parquet,20251125
753,001800,ohlcv,parquet,/ohlcv/001800.parquet,20251125
754,006660,ohlcv,parquet,/ohlcv/006660.parquet,20251125
755,200670,ohlcv,parquet,/ohlcv/200670.parquet,20251125
756,413630,ohlcv,parquet,/ohlcv/413630.parquet,20251125
757,014160,ohlcv,parquet,/ohlcv/014160.parquet,20251125
758,046120,ohlcv,parquet,/ohlcv/046120.parquet,20251125
759,016580,ohlcv,parquet,/ohlcv/016580.parquet,20251125
760,192400,ohlcv,parquet,/ohlcv/192400.parquet,20251125
761,007660,ohlcv,parquet,/ohlcv/007660.parquet,20251125
762,304100,ohlcv,parquet,/ohlcv/304100.parquet,20251125
763,036540,ohlcv,parquet,/ohlcv/036540.parquet,20251125
764,039840,ohlcv,parquet,/ohlcv/039840.parquet,20251125
765,007980,ohlcv,parquet,/ohlcv/007980.parquet,20251125
766,458870,ohlcv,parquet,/ohlcv/458870.parquet,20251125
767,004650,ohlcv,parquet,/ohlcv/004650.parquet,20251125
768,064290,ohlcv,parquet,/ohlcv/064290.parquet,20251125
769,016800,ohlcv,parquet,/ohlcv/016800.parquet,20251125
770,006620,ohlcv,parquet,/ohlcv/006620.parquet,20251125
771,108670,ohlcv,parquet,/ohlcv/108670.parquet,20251125
772,018250,ohlcv,parquet,/ohlcv/018250.parquet,20251125
773,114090,ohlcv,parquet,/ohlcv/114090.parquet,20251125
774,950140,ohlcv,parquet,/ohlcv/950140.parquet,20251125
775,094280,ohlcv,parquet,/ohlcv/094280.parquet,20251125
776,006360,ohlcv,parquet,/ohlcv/006360.parquet,20251125
777,000640,ohlcv,parquet,/ohlcv/000640.parquet,20251125
778,009830,ohlcv,parquet,/ohlcv/009830.parquet,20251125
779,102280,ohlcv,parquet,/ohlcv/102280.parquet,20251125
780,003240,ohlcv,parquet,/ohlcv/003240.parquet,20251125
781,318160,ohlcv,parquet,/ohlcv/318160.parquet,20251125
782,234340,ohlcv,parquet,/ohlcv/234340.parquet,20251125
783,001460,ohlcv,parquet,/ohlcv/001460.parquet,20251125
784,097230,ohlcv,parquet,/ohlcv/097230.parquet,20251125
785,001780,ohlcv,parquet,/ohlcv/001780.parquet,20251125
786,484810,ohlcv,parquet,/ohlcv/484810.parquet,20251125
787,136410,ohlcv,parquet,/ohlcv/136410.parquet,20251125
788,004150,ohlcv,parquet,/ohlcv/004150.parquet,20251125
789,049950,ohlcv,parquet,/ohlcv/049950.parquet,20251125
790,001200,ohlcv,parquet,/ohlcv/001200.parquet,20251125
791,429270,ohlcv,parquet,/ohlcv/429270.parquet,20251125
792,013310,ohlcv,parquet,/ohlcv/013310.parquet,20251125
793,053610,ohlcv,parquet,/ohlcv/053610.parquet,20251125
794,354320,ohlcv,parquet,/ohlcv/354320.parquet,20251125
795,130660,ohlcv,parquet,/ohlcv/130660.parquet,20251125
796,142210,ohlcv,parquet,/ohlcv/142210.parquet,20251125
797,154030,ohlcv,parquet,/ohlcv/154030.parquet,20251125
798,000050,ohlcv,parquet,/ohlcv/000050.parquet,20251125
799,005500,ohlcv,parquet,/ohlcv/005500.parquet,20251125
800,003550,ohlcv,parquet,/ohlcv/003550.parquet,20251125
801,268280,ohlcv,parquet,/ohlcv/268280.parquet,20251125
802,364950,ohlcv,parquet,/ohlcv/364950.parquet,20251125
803,064400,ohlcv,parquet,/ohlcv/064400.parquet,20251125
804,950160,ohlcv,parquet,/ohlcv/950160.parquet,20251125
805,084850,ohlcv,parquet,/ohlcv/084850.parquet,20251125
806,048550,ohlcv,parquet,/ohlcv/048550.parquet,20251125
807,006400,ohlcv,parquet,/ohlcv/006400.parquet,20251125
808,124560,ohlcv,parquet,/ohlcv/124560.parquet,20251125
809,300120,ohlcv,parquet,/ohlcv/300120.parquet,20251125
810,004490,ohlcv,parquet,/ohlcv/004490.parquet,20251125
811,299900,ohlcv,parquet,/ohlcv/299900.parquet,20251125
812,064760,ohlcv,parquet,/ohlcv/064760.parquet,20251125
813,051910,ohlcv,parquet,/ohlcv/051910.parquet,20251125
814,095720,ohlcv,parquet,/ohlcv/095720.parquet,20251125
815,280360,ohlcv,parquet,/ohlcv/280360.parquet,20251125
816,102940,ohlcv,parquet,/ohlcv/102940.parquet,20251125
817,035600,ohlcv,parquet,/ohlcv/035600.parquet,20251125
818,013570,ohlcv,parquet,/ohlcv/013570.parquet,20251125
819,019170,ohlcv,parquet,/ohlcv/019170.parquet,20251125
820,069260,ohlcv,parquet,/ohlcv/069260.parquet,20251125
821,001820,ohlcv,parquet,/ohlcv/001820.parquet,20251125
822,122450,ohlcv,parquet,/ohlcv/122450.parquet,20251125
823,100090,ohlcv,parquet,/ohlcv/100090.parquet,20251125
824,171090,ohlcv,parquet,/ohlcv/171090.parquet,20251125
825,380550,ohlcv,parquet,/ohlcv/380550.parquet,20251125
826,016450,ohlcv,parquet,/ohlcv/016450.parquet,20251125
827,448900,ohlcv,parquet,/ohlcv/448900.parquet,20251125
828,032350,ohlcv,parquet,/ohlcv/032350.parquet,20251125
829,252990,ohlcv,parquet,/ohlcv/252990.parquet,20251125
830,000100,ohlcv,parquet,/ohlcv/000100.parquet,20251125
831,014830,ohlcv,parquet,/ohlcv/014830.parquet,20251125
832,015360,ohlcv,parquet,/ohlcv/015360.parquet,20251125
833,078160,ohlcv,parquet,/ohlcv/078160.parquet,20251125
834,474170,ohlcv,parquet,/ohlcv/474170.parquet,20251125
835,226320,ohlcv,parquet,/ohlcv/226320.parquet,20251125
836,321550,ohlcv,parquet,/ohlcv/321550.parquet,20251125
837,461030,ohlcv,parquet,/ohlcv/461030.parquet,20251125
838,066670,ohlcv,parquet,/ohlcv/066670.parquet,20251125
839,073490,ohlcv,parquet,/ohlcv/073490.parquet,20251125
840,151860,ohlcv,parquet,/ohlcv/151860.parquet,20251125
841,053210,ohlcv,parquet,/ohlcv/053210.parquet,20251125
842,215600,ohlcv,parquet,/ohlcv/215600.parquet,20251125
843,419120,ohlcv,parquet,/ohlcv/419120.parquet,20251125
844,001540,ohlcv,parquet,/ohlcv/001540.parquet,20251125
845,078350,ohlcv,parquet,/ohlcv/078350.parquet,20251125
846,050120,ohlcv,parquet,/ohlcv/050120.parquet,20251125
847,013120,ohlcv,parquet,/ohlcv/013120.parquet,20251125
848,319660,ohlcv,parquet,/ohlcv/319660.parquet,20251125
849,176750,ohlcv,parquet,/ohlcv/176750.parquet,20251125
850,034220,ohlcv,parquet,/ohlcv/034220.parquet,20251125
851,052710,ohlcv,parquet,/ohlcv/052710.parquet,20251125
852,052400,ohlcv,parquet,/ohlcv/052400.parquet,20251125
853,084110,ohlcv,parquet,/ohlcv/084110.parquet,20251125
854,179290,ohlcv,parquet,/ohlcv/179290.parquet,20251125
855,285490,ohlcv,parquet,/ohlcv/285490.parquet,20251125
856,241770,ohlcv,parquet,/ohlcv/241770.parquet,20251125
857,018260,ohlcv,parquet,/ohlcv/018260.parquet,20251125
858,036460,ohlcv,parquet,/ohlcv/036460.parquet,20251125
859,020120,ohlcv,parquet,/ohlcv/020120.parquet,20251125
860,079370,ohlcv,parquet,/ohlcv/079370.parquet,20251125
861,014200,ohlcv,parquet,/ohlcv/014200.parquet,20251125
862,102370,ohlcv,parquet,/ohlcv/102370.parquet,20251125
863,101000,ohlcv,parquet,/ohlcv/101000.parquet,20251125
864,030210,ohlcv,parquet,/ohlcv/030210.parquet,20251125
865,950210,ohlcv,parquet,/ohlcv/950210.parquet,20251125
866,085670,ohlcv,parquet,/ohlcv/085670.parquet,20251125
867,105740,ohlcv,parquet,/ohlcv/105740.parquet,20251125
868,208370,ohlcv,parquet,/ohlcv/208370.parquet,20251125
869,097950,ohlcv,parquet,/ohlcv/097950.parquet,20251125
870,418470,ohlcv,parquet,/ohlcv/418470.parquet,20251125
871,004360,ohlcv,parquet,/ohlcv/004360.parquet,20251125
872,005810,ohlcv,parquet,/ohlcv/005810.parquet,20251125
873,039130,ohlcv,parquet,/ohlcv/039130.parquet,20251125
874,035760,ohlcv,parquet,/ohlcv/035760.parquet,20251125
875,069960,ohlcv,parquet,/ohlcv/069960.parquet,20251125
876,089860,ohlcv,parquet,/ohlcv/089860.parquet,20251125
877,267850,ohlcv,parquet,/ohlcv/267850.parquet,20251125
878,417970,ohlcv,parquet,/ohlcv/417970.parquet,20251125
879,005430,ohlcv,parquet,/ohlcv/005430.parquet,20251125
880,004140,ohlcv,parquet,/ohlcv/004140.parquet,20251125
881,011500,ohlcv,parquet,/ohlcv/011500.parquet,20251125
882,211050,ohlcv,parquet,/ohlcv/211050.parquet,20251125
883,293780,ohlcv,parquet,/ohlcv/293780.parquet,20251125
884,047050,ohlcv,parquet,/ohlcv/047050.parquet,20251125
885,071050,ohlcv,parquet,/ohlcv/071050.parquet,20251125
886,021240,ohlcv,parquet,/ohlcv/021240.parquet,20251125
887,317870,ohlcv,parquet,/ohlcv/317870.parquet,20251125
888,484120,ohlcv,parquet,/ohlcv/484120.parquet,20251125
889,403850,ohlcv,parquet,/ohlcv/403850.parquet,20251125
890,210980,ohlcv,parquet,/ohlcv/210980.parquet,20251125
891,029480,ohlcv,parquet,/ohlcv/029480.parquet,20251125
892,114190,ohlcv,parquet,/ohlcv/114190.parquet,20251125
893,011000,ohlcv,parquet,/ohlcv/011000.parquet,20251125
894,475960,ohlcv,parquet,/ohlcv/475960.parquet,20251125
895,317330,ohlcv,parquet,/ohlcv/317330.parquet,20251125
896,104460,ohlcv,parquet,/ohlcv/104460.parquet,20251125
897,264900,ohlcv,parquet,/ohlcv/264900.parquet,20251125
898,214320,ohlcv,parquet,/ohlcv/214320.parquet,20251125
899,040300,ohlcv,parquet,/ohlcv/040300.parquet,20251125
900,363250,ohlcv,parquet,/ohlcv/363250.parquet,20251125
901,054050,ohlcv,parquet,/ohlcv/054050.parquet,20251125
902,014680,ohlcv,parquet,/ohlcv/014680.parquet,20251125
903,000370,ohlcv,parquet,/ohlcv/000370.parquet,20251125
904,068330,ohlcv,parquet,/ohlcv/068330.parquet,20251125
905,040420,ohlcv,parquet,/ohlcv/040420.parquet,20251125
906,001340,ohlcv,parquet,/ohlcv/001340.parquet,20251125
907,180640,ohlcv,parquet,/ohlcv/180640.parquet,20251125
908,214260,ohlcv,parquet,/ohlcv/214260.parquet,20251125
909,267250,ohlcv,parquet,/ohlcv/267250.parquet,20251125
910,388870,ohlcv,parquet,/ohlcv/388870.parquet,20251125
911,010780,ohlcv,parquet,/ohlcv/010780.parquet,20251125
912,214420,ohlcv,parquet,/ohlcv/214420.parquet,20251125
913,021820,ohlcv,parquet,/ohlcv/021820.parquet,20251125
914,424960,ohlcv,parquet,/ohlcv/424960.parquet,20251125
915,016740,ohlcv,parquet,/ohlcv/016740.parquet,20251125
916,045970,ohlcv,parquet,/ohlcv/045970.parquet,20251125
917,241560,ohlcv,parquet,/ohlcv/241560.parquet,20251125
918,201490,ohlcv,parquet,/ohlcv/201490.parquet,20251125
919,034120,ohlcv,parquet,/ohlcv/034120.parquet,20251125
920,009470,ohlcv,parquet,/ohlcv/009470.parquet,20251125
921,036030,ohlcv,parquet,/ohlcv/036030.parquet,20251125
922,138040,ohlcv,parquet,/ohlcv/138040.parquet,20251125
923,112610,ohlcv,parquet,/ohlcv/112610.parquet,20251125
924,078020,ohlcv,parquet,/ohlcv/078020.parquet,20251125
925,014940,ohlcv,parquet,/ohlcv/014940.parquet,20251125
926,069080,ohlcv,parquet,/ohlcv/069080.parquet,20251125
927,083500,ohlcv,parquet,/ohlcv/083500.parquet,20251125
928,002350,ohlcv,parquet,/ohlcv/002350.parquet,20251125
929,027710,ohlcv,parquet,/ohlcv/027710.parquet,20251125
930,199800,ohlcv,parquet,/ohlcv/199800.parquet,20251125
931,095190,ohlcv,parquet,/ohlcv/095190.parquet,20251125
932,088350,ohlcv,parquet,/ohlcv/088350.parquet,20251125
933,313760,ohlcv,parquet,/ohlcv/313760.parquet,20251125
934,259630,ohlcv,parquet,/ohlcv/259630.parquet,20251125
935,362320,ohlcv,parquet,/ohlcv/362320.parquet,20251125
936,012510,ohlcv,parquet,/ohlcv/012510.parquet,20251125
937,226590,ohlcv,parquet,/ohlcv/226590.parquet,20251125
938,068760,ohlcv,parquet,/ohlcv/068760.parquet,20251125
939,112290,ohlcv,parquet,/ohlcv/112290.parquet,20251125
940,060370,ohlcv,parquet,/ohlcv/060370.parquet,20251125
941,036800,ohlcv,parquet,/ohlcv/036800.parquet,20251125
942,044490,ohlcv,parquet,/ohlcv/044490.parquet,20251125
943,221800,ohlcv,parquet,/ohlcv/221800.parquet,20251125
944,300720,ohlcv,parquet,/ohlcv/300720.parquet,20251125
945,382900,ohlcv,parquet,/ohlcv/382900.parquet,20251125
946,340440,ohlcv,parquet,/ohlcv/340440.parquet,20251125
947,035900,ohlcv,parquet,/ohlcv/035900.parquet,20251125
948,019210,ohlcv,parquet,/ohlcv/019210.parquet,20251125
949,089600,ohlcv,parquet,/ohlcv/089600.parquet,20251125
950,160980,ohlcv,parquet,/ohlcv/160980.parquet,20251125
951,010100,ohlcv,parquet,/ohlcv/010100.parquet,20251125
952,475580,ohlcv,parquet,/ohlcv/475580.parquet,20251125
953,304360,ohlcv,parquet,/ohlcv/304360.parquet,20251125
954,366030,ohlcv,parquet,/ohlcv/366030.parquet,20251125
955,052690,ohlcv,parquet,/ohlcv/052690.parquet,20251125
956,081180,ohlcv,parquet,/ohlcv/081180.parquet,20251125
957,181710,ohlcv,parquet,/ohlcv/181710.parquet,20251125
958,049470,ohlcv,parquet,/ohlcv/049470.parquet,20251125
959,023900,ohlcv,parquet,/ohlcv/023900.parquet,20251125
960,031430,ohlcv,parquet,/ohlcv/031430.parquet,20251125
961,217730,ohlcv,parquet,/ohlcv/217730.parquet,20251125
962,002170,ohlcv,parquet,/ohlcv/002170.parquet,20251125
963,027050,ohlcv,parquet,/ohlcv/027050.parquet,20251125
964,147830,ohlcv,parquet,/ohlcv/147830.parquet,20251125
965,010950,ohlcv,parquet,/ohlcv/010950.parquet,20251125
966,041510,ohlcv,parquet,/ohlcv/041510.parquet,20251125
967,049430,ohlcv,parquet,/ohlcv/049430.parquet,20251125
968,003200,ohlcv,parquet,/ohlcv/003200.parquet,20251125
969,011560,ohlcv,parquet,/ohlcv/011560.parquet,20251125
970,031210,ohlcv,parquet,/ohlcv/031210.parquet,20251125
971,126730,ohlcv,parquet,/ohlcv/126730.parquet,20251125
972,299660,ohlcv,parquet,/ohlcv/299660.parquet,20251125
973,039980,ohlcv,parquet,/ohlcv/039980.parquet,20251125
974,089980,ohlcv,parquet,/ohlcv/089980.parquet,20251125
975,027410,ohlcv,parquet,/ohlcv/027410.parquet,20251125
976,365550,ohlcv,parquet,/ohlcv/365550.parquet,20251125
977,018120,ohlcv,parquet,/ohlcv/018120.parquet,20251125
978,003530,ohlcv,parquet,/ohlcv/003530.parquet,20251125
979,003920,ohlcv,parquet,/ohlcv/003920.parquet,20251125
980,336570,ohlcv,parquet,/ohlcv/336570.parquet,20251125
981,033160,ohlcv,parquet,/ohlcv/033160.parquet,20251125
982,105550,ohlcv,parquet,/ohlcv/105550.parquet,20251125
983,009070,ohlcv,parquet,/ohlcv/009070.parquet,20251125
984,023590,ohlcv,parquet,/ohlcv/023590.parquet,20251125
985,053690,ohlcv,parquet,/ohlcv/053690.parquet,20251125
986,073240,ohlcv,parquet,/ohlcv/073240.parquet,20251125
987,002030,ohlcv,parquet,/ohlcv/002030.parquet,20251125
988,015860,ohlcv,parquet,/ohlcv/015860.parquet,20251125
989,311690,ohlcv,parquet,/ohlcv/311690.parquet,20251125
990,033920,ohlcv,parquet,/ohlcv/033920.parquet,20251125
991,217820,ohlcv,parquet,/ohlcv/217820.parquet,20251125
992,451800,ohlcv,parquet,/ohlcv/451800.parquet,20251125
993,106190,ohlcv,parquet,/ohlcv/106190.parquet,20251125
994,002620,ohlcv,parquet,/ohlcv/002620.parquet,20251125
995,203400,ohlcv,parquet,/ohlcv/203400.parquet,20251125
996,108490,ohlcv,parquet,/ohlcv/108490.parquet,20251125
997,012610,ohlcv,parquet,/ohlcv/012610.parquet,20251125
998,002460,ohlcv,parquet,/ohlcv/002460.parquet,20251125
999,011760,ohlcv,parquet,/ohlcv/011760.parquet,20251125
1000,016610,ohlcv,parquet,/ohlcv/016610.parquet,20251125
1001,065660,ohlcv,parquet,/ohlcv/065660.parquet,20251125
1002,019550,ohlcv,parquet,/ohlcv/019550.parquet,20251125
1003,002840,ohlcv,parquet,/ohlcv/002840.parquet,20251125
1004,278280,ohlcv,parquet,/ohlcv/278280.parquet,20251125
1005,404990,ohlcv,parquet,/ohlcv/404990.parquet,20251125
1006,028050,ohlcv,parquet,/ohlcv/028050.parquet,20251125
1007,017390,ohlcv,parquet,/ohlcv/017390.parquet,20251125
1008,267260,ohlcv,parquet,/ohlcv/267260.parquet,20251125
1009,030610,ohlcv,parquet,/ohlcv/030610.parquet,20251125
1010,105630,ohlcv,parquet,/ohlcv/105630.parquet,20251125
1011,042510,ohlcv,parquet,/ohlcv/042510.parquet,20251125
1012,006220,ohlcv,parquet,/ohlcv/006220.parquet,20251125
1013,002900,ohlcv,parquet,/ohlcv/002900.parquet,20251125
1014,007460,ohlcv,parquet,/ohlcv/007460.parquet,20251125
1015,338100,ohlcv,parquet,/ohlcv/338100.parquet,20251125
1016,137310,ohlcv,parquet,/ohlcv/137310.parquet,20251125
1017,005930,ohlcv,parquet,/ohlcv/005930.parquet,20251125
1018,001120,ohlcv,parquet,/ohlcv/001120.parquet,20251125
1019,464080,ohlcv,parquet,/ohlcv/464080.parquet,20251125
1020,000670,ohlcv,parquet,/ohlcv/000670.parquet,20251125
1021,338220,ohlcv,parquet,/ohlcv/338220.parquet,20251125
1022,033500,ohlcv,parquet,/ohlcv/033500.parquet,20251125
1023,042520,ohlcv,parquet,/ohlcv/042520.parquet,20251125
1024,032300,ohlcv,parquet,/ohlcv/032300.parquet,20251125
1025,199430,ohlcv,parquet,/ohlcv/199430.parquet,20251125
1026,036830,ohlcv,parquet,/ohlcv/036830.parquet,20251125
1027,145990,ohlcv,parquet,/ohlcv/145990.parquet,20251125
1028,063570,ohlcv,parquet,/ohlcv/063570.parquet,20251125
1029,271940,ohlcv,parquet,/ohlcv/271940.parquet,20251125
1030,034730,ohlcv,parquet,/ohlcv/034730.parquet,20251125
1031,323990,ohlcv,parquet,/ohlcv/323990.parquet,20251125
1032,000390,ohlcv,parquet,/ohlcv/000390.parquet,20251125
1033,225570,ohlcv,parquet,/ohlcv/225570.parquet,20251125
1034,333430,ohlcv,parquet,/ohlcv/333430.parquet,20251125
1035,002150,ohlcv,parquet,/ohlcv/002150.parquet,20251125
1036,290670,ohlcv,parquet,/ohlcv/290670.parquet,20251125
1037,488280,ohlcv,parquet,/ohlcv/488280.parquet,20251125
1038,378340,ohlcv,parquet,/ohlcv/378340.parquet,20251125
1039,323280,ohlcv,parquet,/ohlcv/323280.parquet,20251125
1040,195940,ohlcv,parquet,/ohlcv/195940.parquet,20251125
1041,028260,ohlcv,parquet,/ohlcv/028260.parquet,20251125
1042,012330,ohlcv,parquet,/ohlcv/012330.parquet,20251125
1043,013580,ohlcv,parquet,/ohlcv/013580.parquet,20251125
1044,204620,ohlcv,parquet,/ohlcv/204620.parquet,20251125
1045,099440,ohlcv,parquet,/ohlcv/099440.parquet,20251125
1046,356680,ohlcv,parquet,/ohlcv/356680.parquet,20251125
1047,114840,ohlcv,parquet,/ohlcv/114840.parquet,20251125
1048,361390,ohlcv,parquet,/ohlcv/361390.parquet,20251125
1049,003090,ohlcv,parquet,/ohlcv/003090.parquet,20251125
1050,122640,ohlcv,parquet,/ohlcv/122640.parquet,20251125
1051,282880,ohlcv,parquet,/ohlcv/282880.parquet,20251125
1052,016380,ohlcv,parquet,/ohlcv/016380.parquet,20251125
1053,001360,ohlcv,parquet,/ohlcv/001360.parquet,20251125
1054,026890,ohlcv,parquet,/ohlcv/026890.parquet,20251125
1055,005960,ohlcv,parquet,/ohlcv/005960.parquet,20251125
1056,089890,ohlcv,parquet,/ohlcv/089890.parquet,20251125
1057,469610,ohlcv,parquet,/ohlcv/469610.parquet,20251125
1058,200470,ohlcv,parquet,/ohlcv/200470.parquet,20251125
1059,006730,ohlcv,parquet,/ohlcv/006730.parquet,20251125
1060,253450,ohlcv,parquet,/ohlcv/253450.parquet,20251125
1061,217330,ohlcv,parquet,/ohlcv/217330.parquet,20251125
1062,079430,ohlcv,parquet,/ohlcv/079430.parquet,20251125
1063,206640,ohlcv,parquet,/ohlcv/206640.parquet,20251125
1064,900140,ohlcv,parquet,/ohlcv/900140.parquet,20251125
1065,088260,ohlcv,parquet,/ohlcv/088260.parquet,20251125
1066,000210,ohlcv,parquet,/ohlcv/000210.parquet,20251125
1067,003480,ohlcv,parquet,/ohlcv/003480.parquet,20251125
1068,044960,ohlcv,parquet,/ohlcv/044960.parquet,20251125
1069,214430,ohlcv,parquet,/ohlcv/214430.parquet,20251125
1070,389140,ohlcv,parquet,/ohlcv/389140.parquet,20251125
1071,253590,ohlcv,parquet,/ohlcv/253590.parquet,20251125
1072,004690,ohlcv,parquet,/ohlcv/004690.parquet,20251125
1073,003830,ohlcv,parquet,/ohlcv/003830.parquet,20251125
1074,009270,ohlcv,parquet,/ohlcv/009270.parquet,20251125
1075,140670,ohlcv,parquet,/ohlcv/140670.parquet,20251125
1076,024850,ohlcv,parquet,/ohlcv/024850.parquet,20251125
1077,170900,ohlcv,parquet,/ohlcv/170900.parquet,20251125
1078,000970,ohlcv,parquet,/ohlcv/000970.parquet,20251125
1079,194700,ohlcv,parquet,/ohlcv/194700.parquet,20251125
1080,107600,ohlcv,parquet,/ohlcv/107600.parquet,20251125
1081,086390,ohlcv,parquet,/ohlcv/086390.parquet,20251125
1082,203650,ohlcv,parquet,/ohlcv/203650.parquet,20251125
1083,079940,ohlcv,parquet,/ohlcv/079940.parquet,20251125
1084,009150,ohlcv,parquet,/ohlcv/009150.parquet,20251125
1085,207760,ohlcv,parquet,/ohlcv/207760.parquet,20251125
1086,032560,ohlcv,parquet,/ohlcv/032560.parquet,20251125
1087,102120,ohlcv,parquet,/ohlcv/102120.parquet,20251125
1088,476080,ohlcv,parquet,/ohlcv/476080.parquet,20251125
1089,127120,ohlcv,parquet,/ohlcv/127120.parquet,20251125
1090,136490,ohlcv,parquet,/ohlcv/136490.parquet,20251125
1091,182360,ohlcv,parquet,/ohlcv/182360.parquet,20251125
1092,071280,ohlcv,parquet,/ohlcv/071280.parquet,20251125
1093,211270,ohlcv,parquet,/ohlcv/211270.parquet,20251125
1094,264450,ohlcv,parquet,/ohlcv/264450.parquet,20251125
1095,051370,ohlcv,parquet,/ohlcv/051370.parquet,20251125
1096,011780,ohlcv,parquet,/ohlcv/011780.parquet,20251125
1097,055550,ohlcv,parquet,/ohlcv/055550.parquet,20251125
1098,073560,ohlcv,parquet,/ohlcv/073560.parquet,20251125
1099,293940,ohlcv,parquet,/ohlcv/293940.parquet,20251125
1100,002790,ohlcv,parquet,/ohlcv/002790.parquet,20251125
1101,214330,ohlcv,parquet,/ohlcv/214330.parquet,20251125
1102,057050,ohlcv,parquet,/ohlcv/057050.parquet,20251125
1103,023450,ohlcv,parquet,/ohlcv/023450.parquet,20251125
1104,086710,ohlcv,parquet,/ohlcv/086710.parquet,20251125
1105,322510,ohlcv,parquet,/ohlcv/322510.parquet,20251125
1106,267290,ohlcv,parquet,/ohlcv/267290.parquet,20251125
1107,000480,ohlcv,parquet,/ohlcv/000480.parquet,20251125
1108,140860,ohlcv,parquet,/ohlcv/140860.parquet,20251125
1109,166480,ohlcv,parquet,/ohlcv/166480.parquet,20251125
1110,001390,ohlcv,parquet,/ohlcv/001390.parquet,20251125
1111,090410,ohlcv,parquet,/ohlcv/090410.parquet,20251125
1112,010140,ohlcv,parquet,/ohlcv/010140.parquet,20251125
1113,005850,ohlcv,parquet,/ohlcv/005850.parquet,20251125
1114,340930,ohlcv,parquet,/ohlcv/340930.parquet,20251125
1115,007210,ohlcv,parquet,/ohlcv/007210.parquet,20251125
1116,161390,ohlcv,parquet,/ohlcv/161390.parquet,20251125
1117,013030,ohlcv,parquet,/ohlcv/013030.parquet,20251125
1118,329180,ohlcv,parquet,/ohlcv/329180.parquet,20251125
1119,018310,ohlcv,parquet,/ohlcv/018310.parquet,20251125
1120,045100,ohlcv,parquet,/ohlcv/045100.parquet,20251125
1121,001250,ohlcv,parquet,/ohlcv/001250.parquet,20251125
1122,358570,ohlcv,parquet,/ohlcv/358570.parquet,20251125
1123,389020,ohlcv,parquet,/ohlcv/389020.parquet,20251125
1124,010120,ohlcv,parquet,/ohlcv/010120.parquet,20251125
1125,038070,ohlcv,parquet,/ohlcv/038070.parquet,20251125
1126,425420,ohlcv,parquet,/ohlcv/425420.parquet,20251125
1127,100250,ohlcv,parquet,/ohlcv/100250.parquet,20251125
1128,468530,ohlcv,parquet,/ohlcv/468530.parquet,20251125
1129,042000,ohlcv,parquet,/ohlcv/042000.parquet,20251125
1130,195990,ohlcv,parquet,/ohlcv/195990.parquet,20251125
1131,003490,ohlcv,parquet,/ohlcv/003490.parquet,20251125
1132,078590,ohlcv,parquet,/ohlcv/078590.parquet,20251125
1133,086670,ohlcv,parquet,/ohlcv/086670.parquet,20251125
1134,084680,ohlcv,parquet,/ohlcv/084680.parquet,20251125
1135,089470,ohlcv,parquet,/ohlcv/089470.parquet,20251125
1136,037270,ohlcv,parquet,/ohlcv/037270.parquet,20251125
1137,484870,ohlcv,parquet,/ohlcv/484870.parquet,20251125
1138,001440,ohlcv,parquet,/ohlcv/001440.parquet,20251125
1139,002990,ohlcv,parquet,/ohlcv/002990.parquet,20251125
1140,000880,ohlcv,parquet,/ohlcv/000880.parquet,20251125
1141,264850,ohlcv,parquet,/ohlcv/264850.parquet,20251125
1142,078930,ohlcv,parquet,/ohlcv/078930.parquet,20251125
1143,365330,ohlcv,parquet,/ohlcv/365330.parquet,20251125
1144,005420,ohlcv,parquet,/ohlcv/005420.parquet,20251125
1145,411080,ohlcv,parquet,/ohlcv/411080.parquet,20251125
1146,123040,ohlcv,parquet,/ohlcv/123040.parquet,20251125
1147,192080,ohlcv,parquet,/ohlcv/192080.parquet,20251125
1148,001510,ohlcv,parquet,/ohlcv/001510.parquet,20251125
1149,332290,ohlcv,parquet,/ohlcv/332290.parquet,20251125
1150,452430,ohlcv,parquet,/ohlcv/452430.parquet,20251125
1151,213420,ohlcv,parquet,/ohlcv/213420.parquet,20251125
1152,122900,ohlcv,parquet,/ohlcv/122900.parquet,20251125
1153,089030,ohlcv,parquet,/ohlcv/089030.parquet,20251125
1154,002100,ohlcv,parquet,/ohlcv/002100.parquet,20251125
1155,025860,ohlcv,parquet,/ohlcv/025860.parquet,20251125
1156,000700,ohlcv,parquet,/ohlcv/000700.parquet,20251125
1157,220100,ohlcv,parquet,/ohlcv/220100.parquet,20251125
1158,036480,ohlcv,parquet,/ohlcv/036480.parquet,20251125
1159,126720,ohlcv,parquet,/ohlcv/126720.parquet,20251125
1160,125490,ohlcv,parquet,/ohlcv/125490.parquet,20251125
1161,003850,ohlcv,parquet,/ohlcv/003850.parquet,20251125
1162,059210,ohlcv,parquet,/ohlcv/059210.parquet,20251125
1163,036530,ohlcv,parquet,/ohlcv/036530.parquet,20251125
1164,064260,ohlcv,parquet,/ohlcv/064260.parquet,20251125
1165,053580,ohlcv,parquet,/ohlcv/053580.parquet,20251125
1166,241590,ohlcv,parquet,/ohlcv/241590.parquet,20251125
1167,432320,ohlcv,parquet,/ohlcv/432320.parquet,20251125
1168,083930,ohlcv,parquet,/ohlcv/083930.parquet,20251125
1169,008490,ohlcv,parquet,/ohlcv/008490.parquet,20251125
1170,092790,ohlcv,parquet,/ohlcv/092790.parquet,20251125
1171,251970,ohlcv,parquet,/ohlcv/251970.parquet,20251125
1172,004310,ohlcv,parquet,/ohlcv/004310.parquet,20251125
1173,039340,ohlcv,parquet,/ohlcv/039340.parquet,20251125
1174,000320,ohlcv,parquet,/ohlcv/000320.parquet,20251125
1175,000500,ohlcv,parquet,/ohlcv/000500.parquet,20251125
1176,494120,ohlcv,parquet,/ohlcv/494120.parquet,20251125
1177,173130,ohlcv,parquet,/ohlcv/173130.parquet,20251125
1178,038110,ohlcv,parquet,/ohlcv/038110.parquet,20251125
1179,001680,ohlcv,parquet,/ohlcv/001680.parquet,20251125
1180,391710,ohlcv,parquet,/ohlcv/391710.parquet,20251125
1181,219130,ohlcv,parquet,/ohlcv/219130.parquet,20251125
1182,079160,ohlcv,parquet,/ohlcv/079160.parquet,20251125
1183,042420,ohlcv,parquet,/ohlcv/042420.parquet,20251125
1184,077970,ohlcv,parquet,/ohlcv/077970.parquet,20251125
1185,014440,ohlcv,parquet,/ohlcv/014440.parquet,20251125
1186,058430,ohlcv,parquet,/ohlcv/058430.parquet,20251125
1187,131400,ohlcv,parquet,/ohlcv/131400.parquet,20251125
1188,265520,ohlcv,parquet,/ohlcv/265520.parquet,20251125
1189,091580,ohlcv,parquet,/ohlcv/091580.parquet,20251125
1190,034950,ohlcv,parquet,/ohlcv/034950.parquet,20251125
1191,096250,ohlcv,parquet,/ohlcv/096250.parquet,20251125
1192,067280,ohlcv,parquet,/ohlcv/067280.parquet,20251125
1193,041830,ohlcv,parquet,/ohlcv/041830.parquet,20251125
1194,071320,ohlcv,parquet,/ohlcv/071320.parquet,20251125
1195,062970,ohlcv,parquet,/ohlcv/062970.parquet,20251125
1196,241710,ohlcv,parquet,/ohlcv/241710.parquet,20251125
1197,001230,ohlcv,parquet,/ohlcv/001230.parquet,20251125
1198,067160,ohlcv,parquet,/ohlcv/067160.parquet,20251125
1199,056080,ohlcv,parquet,/ohlcv/056080.parquet,20251125
1200,281740,ohlcv,parquet,/ohlcv/281740.parquet,20251125
1201,067630,ohlcv,parquet,/ohlcv/067630.parquet,20251125
1202,000080,ohlcv,parquet,/ohlcv/000080.parquet,20251125
1203,178320,ohlcv,parquet,/ohlcv/178320.parquet,20251125
1204,058470,ohlcv,parquet,/ohlcv/058470.parquet,20251125
1205,334970,ohlcv,parquet,/ohlcv/334970.parquet,20251125
1206,044820,ohlcv,parquet,/ohlcv/044820.parquet,20251125
1207,011420,ohlcv,parquet,/ohlcv/011420.parquet,20251125
1208,034830,ohlcv,parquet,/ohlcv/034830.parquet,20251125
1209,472850,ohlcv,parquet,/ohlcv/472850.parquet,20251125
1210,445180,ohlcv,parquet,/ohlcv/445180.parquet,20251125
1211,183490,ohlcv,parquet,/ohlcv/183490.parquet,20251125
1212,003000,ohlcv,parquet,/ohlcv/003000.parquet,20251125
1213,393970,ohlcv,parquet,/ohlcv/393970.parquet,20251125
1214,024090,ohlcv,parquet,/ohlcv/024090.parquet,20251125
1215,004990,ohlcv,parquet,/ohlcv/004990.parquet,20251125
1216,000120,ohlcv,parquet,/ohlcv/000120.parquet,20251125
1217,013520,ohlcv,parquet,/ohlcv/013520.parquet,20251125
1218,009450,ohlcv,parquet,/ohlcv/009450.parquet,20251125
1219,072130,ohlcv,parquet,/ohlcv/072130.parquet,20251125
1220,094850,ohlcv,parquet,/ohlcv/094850.parquet,20251125
1221,041020,ohlcv,parquet,/ohlcv/041020.parquet,20251125
1222,048870,ohlcv,parquet,/ohlcv/048870.parquet,20251125
1223,002450,ohlcv,parquet,/ohlcv/002450.parquet,20251125
1224,047920,ohlcv,parquet,/ohlcv/047920.parquet,20251125
1225,093370,ohlcv,parquet,/ohlcv/093370.parquet,20251125
1226,475830,ohlcv,parquet,/ohlcv/475830.parquet,20251125
1227,001940,ohlcv,parquet,/ohlcv/001940.parquet,20251125
1228,000230,ohlcv,parquet,/ohlcv/000230.parquet,20251125
1229,086790,ohlcv,parquet,/ohlcv/086790.parquet,20251125
1230,334890,ohlcv,parquet,/ohlcv/334890.parquet,20251125
1231,072020,ohlcv,parquet,/ohlcv/072020.parquet,20251125
1232,363280,ohlcv,parquet,/ohlcv/363280.parquet,20251125
1233,030960,ohlcv,parquet,/ohlcv/030960.parquet,20251125
1234,003520,ohlcv,parquet,/ohlcv/003520.parquet,20251125
1235,090470,ohlcv,parquet,/ohlcv/090470.parquet,20251125
1236,038500,ohlcv,parquet,/ohlcv/038500.parquet,20251125
1237,244920,ohlcv,parquet,/ohlcv/244920.parquet,20251125
1238,282720,ohlcv,parquet,/ohlcv/282720.parquet,20251125
1239,101730,ohlcv,parquet,/ohlcv/101730.parquet,20251125
1240,063170,ohlcv,parquet,/ohlcv/063170.parquet,20251125
1241,033240,ohlcv,parquet,/ohlcv/033240.parquet,20251125
1242,036810,ohlcv,parquet,/ohlcv/036810.parquet,20251125
1243,049630,ohlcv,parquet,/ohlcv/049630.parquet,20251125
1244,037710,ohlcv,parquet,/ohlcv/037710.parquet,20251125
1245,086820,ohlcv,parquet,/ohlcv/086820.parquet,20251125
1246,039440,ohlcv,parquet,/ohlcv/039440.parquet,20251125
1247,002380,ohlcv,parquet,/ohlcv/002380.parquet,20251125
1248,445680,ohlcv,parquet,/ohlcv/445680.parquet,20251125
1249,092300,ohlcv,parquet,/ohlcv/092300.parquet,20251125
1250,054540,ohlcv,parquet,/ohlcv/054540.parquet,20251125
1251,061970,ohlcv,parquet,/ohlcv/061970.parquet,20251125
1252,016590,ohlcv,parquet,/ohlcv/016590.parquet,20251125
1253,473980,ohlcv,parquet,/ohlcv/473980.parquet,20251125
1254,475150,ohlcv,parquet,/ohlcv/475150.parquet,20251125
1255,003680,ohlcv,parquet,/ohlcv/003680.parquet,20251125
1256,310210,ohlcv,parquet,/ohlcv/310210.parquet,20251125
1257,377480,ohlcv,parquet,/ohlcv/377480.parquet,20251125
1258,025980,ohlcv,parquet,/ohlcv/025980.parquet,20251125
1259,061090,ohlcv,parquet,/ohlcv/061090.parquet,20251125
1260,293480,ohlcv,parquet,/ohlcv/293480.parquet,20251125
1261,443060,ohlcv,parquet,/ohlcv/443060.parquet,20251125
1262,376900,ohlcv,parquet,/ohlcv/376900.parquet,20251125
1263,460860,ohlcv,parquet,/ohlcv/460860.parquet,20251125
1264,336260,ohlcv,parquet,/ohlcv/336260.parquet,20251125
1265,145720,ohlcv,parquet,/ohlcv/145720.parquet,20251125
1266,100840,ohlcv,parquet,/ohlcv/100840.parquet,20251125
1267,006110,ohlcv,parquet,/ohlcv/006110.parquet,20251125
1268,234080,ohlcv,parquet,/ohlcv/234080.parquet,20251125
1269,048530,ohlcv,parquet,/ohlcv/048530.parquet,20251125
1270,298040,ohlcv,parquet,/ohlcv/298040.parquet,20251125
1271,117580,ohlcv,parquet,/ohlcv/117580.parquet,20251125
1272,005720,ohlcv,parquet,/ohlcv/005720.parquet,20251125
1273,013890,ohlcv,parquet,/ohlcv/013890.parquet,20251125
1274,084010,ohlcv,parquet,/ohlcv/084010.parquet,20251125
1275,0126Z0,ohlcv,parquet,/ohlcv/0126Z0.parquet,20251125
1276,054620,ohlcv,parquet,/ohlcv/054620.parquet,20251125
1277,052020,ohlcv,parquet,/ohlcv/052020.parquet,20251125
1278,271980,ohlcv,parquet,/ohlcv/271980.parquet,20251125
1279,101170,ohlcv,parquet,/ohlcv/101170.parquet,20251125
1280,376930,ohlcv,parquet,/ohlcv/376930.parquet,20251125
1281,000020,ohlcv,parquet,/ohlcv/000020.parquet,20251125
1282,081000,ohlcv,parquet,/ohlcv/081000.parquet,20251125
1283,463480,ohlcv,parquet,/ohlcv/463480.parquet,20251125
1284,034020,ohlcv,parquet,/ohlcv/034020.parquet,20251125
1285,271560,ohlcv,parquet,/ohlcv/271560.parquet,20251125
1286,441270,ohlcv,parquet,/ohlcv/441270.parquet,20251125
1287,357120,ohlcv,parquet,/ohlcv/357120.parquet,20251125
1288,096530,ohlcv,parquet,/ohlcv/096530.parquet,20251125
1289,250060,ohlcv,parquet,/ohlcv/250060.parquet,20251125
1290,403550,ohlcv,parquet,/ohlcv/403550.parquet,20251125
1291,032190,ohlcv,parquet,/ohlcv/032190.parquet,20251125
1292,000150,ohlcv,parquet,/ohlcv/000150.parquet,20251125
1293,243070,ohlcv,parquet,/ohlcv/243070.parquet,20251125
1294,069620,ohlcv,parquet,/ohlcv/069620.parquet,20251125
1295,009290,ohlcv,parquet,/ohlcv/009290.parquet,20251125
1296,091120,ohlcv,parquet,/ohlcv/091120.parquet,20251125
1297,029530,ohlcv,parquet,/ohlcv/029530.parquet,20251125
1298,240810,ohlcv,parquet,/ohlcv/240810.parquet,20251125
1299,263750,ohlcv,parquet,/ohlcv/263750.parquet,20251125
1300,337930,ohlcv,parquet,/ohlcv/337930.parquet,20251125
1301,092200,ohlcv,parquet,/ohlcv/092200.parquet,20251125
1302,008040,ohlcv,parquet,/ohlcv/008040.parquet,20251125
1303,303810,ohlcv,parquet,/ohlcv/303810.parquet,20251125
1304,160190,ohlcv,parquet,/ohlcv/160190.parquet,20251125
1305,003100,ohlcv,parquet,/ohlcv/003100.parquet,20251125
1306,005990,ohlcv,parquet,/ohlcv/005990.parquet,20251125
1307,039560,ohlcv,parquet,/ohlcv/039560.parquet,20251125
1308,090350,ohlcv,parquet,/ohlcv/090350.parquet,20251125
1309,124500,ohlcv,parquet,/ohlcv/124500.parquet,20251125
1310,284740,ohlcv,parquet,/ohlcv/284740.parquet,20251125
1311,253840,ohlcv,parquet,/ohlcv/253840.parquet,20251125
1312,044990,ohlcv,parquet,/ohlcv/044990.parquet,20251125
1313,100700,ohlcv,parquet,/ohlcv/100700.parquet,20251125
1314,105560,ohlcv,parquet,/ohlcv/105560.parquet,20251125
1315,200130,ohlcv,parquet,/ohlcv/200130.parquet,20251125
1316,114810,ohlcv,parquet,/ohlcv/114810.parquet,20251125
1317,010820,ohlcv,parquet,/ohlcv/010820.parquet,20251125
1318,098070,ohlcv,parquet,/ohlcv/098070.parquet,20251125
1319,317850,ohlcv,parquet,/ohlcv/317850.parquet,20251125
1320,388610,ohlcv,parquet,/ohlcv/388610.parquet,20251125
1321,128940,ohlcv,parquet,/ohlcv/128940.parquet,20251125
1322,023530,ohlcv,parquet,/ohlcv/023530.parquet,20251125
1323,024720,ohlcv,parquet,/ohlcv/024720.parquet,20251125
1324,027360,ohlcv,parquet,/ohlcv/027360.parquet,20251125
1325,353200,ohlcv,parquet,/ohlcv/353200.parquet,20251125
1326,099320,ohlcv,parquet,/ohlcv/099320.parquet,20251125
1327,025950,ohlcv,parquet,/ohlcv/025950.parquet,20251125
1328,120110,ohlcv,parquet,/ohlcv/120110.parquet,20251125
1329,317830,ohlcv,parquet,/ohlcv/317830.parquet,20251125
1330,191410,ohlcv,parquet,/ohlcv/191410.parquet,20251125
1331,003120,ohlcv,parquet,/ohlcv/003120.parquet,20251125
1332,499790,ohlcv,parquet,/ohlcv/499790.parquet,20251125
1333,000860,ohlcv,parquet,/ohlcv/000860.parquet,20251125
1334,194480,ohlcv,parquet,/ohlcv/194480.parquet,20251125
1335,035150,ohlcv,parquet,/ohlcv/035150.parquet,20251125
1336,077360,ohlcv,parquet,/ohlcv/077360.parquet,20251125
1337,003380,ohlcv,parquet,/ohlcv/003380.parquet,20251125
1338,033530,ohlcv,parquet,/ohlcv/033530.parquet,20251125
1339,139990,ohlcv,parquet,/ohlcv/139990.parquet,20251125
1340,148250,ohlcv,parquet,/ohlcv/148250.parquet,20251125
1341,082800,ohlcv,parquet,/ohlcv/082800.parquet,20251125
1342,267270,ohlcv,parquet,/ohlcv/267270.parquet,20251125
1343,368770,ohlcv,parquet,/ohlcv/368770.parquet,20251125
1344,064820,ohlcv,parquet,/ohlcv/064820.parquet,20251125
1345,025770,ohlcv,parquet,/ohlcv/025770.parquet,20251125
1346,149950,ohlcv,parquet,/ohlcv/149950.parquet,20251125
1347,246710,ohlcv,parquet,/ohlcv/246710.parquet,20251125
1348,098460,ohlcv,parquet,/ohlcv/098460.parquet,20251125
1349,121600,ohlcv,parquet,/ohlcv/121600.parquet,20251125
1350,023410,ohlcv,parquet,/ohlcv/023410.parquet,20251125
1351,131030,ohlcv,parquet,/ohlcv/131030.parquet,20251125
1352,139480,ohlcv,parquet,/ohlcv/139480.parquet,20251125
1353,214680,ohlcv,parquet,/ohlcv/214680.parquet,20251125
1354,339770,ohlcv,parquet,/ohlcv/339770.parquet,20251125
1355,453450,ohlcv,parquet,/ohlcv/453450.parquet,20251125
1356,063080,ohlcv,parquet,/ohlcv/063080.parquet,20251125
1357,175330,ohlcv,parquet,/ohlcv/175330.parquet,20251125
1358,046440,ohlcv,parquet,/ohlcv/046440.parquet,20251125
1359,235980,ohlcv,parquet,/ohlcv/235980.parquet,20251125
1360,068290,ohlcv,parquet,/ohlcv/068290.parquet,20251125
1361,050890,ohlcv,parquet,/ohlcv/050890.parquet,20251125
1362,136150,ohlcv,parquet,/ohlcv/136150.parquet,20251125
1363,950190,ohlcv,parquet,/ohlcv/950190.parquet,20251125
1364,052220,ohlcv,parquet,/ohlcv/052220.parquet,20251125
1365,024110,ohlcv,parquet,/ohlcv/024110.parquet,20251125
1366,178920,ohlcv,parquet,/ohlcv/178920.parquet,20251125
1367,073010,ohlcv,parquet,/ohlcv/073010.parquet,20251125
1368,004250,ohlcv,parquet,/ohlcv/004250.parquet,20251125
1369,000250,ohlcv,parquet,/ohlcv/000250.parquet,20251125
1370,003720,ohlcv,parquet,/ohlcv/003720.parquet,20251125
1371,005010,ohlcv,parquet,/ohlcv/005010.parquet,20251125
1372,114450,ohlcv,parquet,/ohlcv/114450.parquet,20251125
1373,419530,ohlcv,parquet,/ohlcv/419530.parquet,20251125
1374,035000,ohlcv,parquet,/ohlcv/035000.parquet,20251125
1375,015230,ohlcv,parquet,/ohlcv/015230.parquet,20251125
1376,484590,ohlcv,parquet,/ohlcv/484590.parquet,20251125
1377,005800,ohlcv,parquet,/ohlcv/005800.parquet,20251125
1378,090430,ohlcv,parquet,/ohlcv/090430.parquet,20251125
1379,074600,ohlcv,parquet,/ohlcv/074600.parquet,20251125
1380,452450,ohlcv,parquet,/ohlcv/452450.parquet,20251125
1381,256940,ohlcv,parquet,/ohlcv/256940.parquet,20251125
1382,448280,ohlcv,parquet,/ohlcv/448280.parquet,20251125
1383,263720,ohlcv,parquet,/ohlcv/263720.parquet,20251125
1384,394280,ohlcv,parquet,/ohlcv/394280.parquet,20251125
1385,109610,ohlcv,parquet,/ohlcv/109610.parquet,20251125
1386,115310,ohlcv,parquet,/ohlcv/115310.parquet,20251125
1387,356860,ohlcv,parquet,/ohlcv/356860.parquet,20251125
1388,185750,ohlcv,parquet,/ohlcv/185750.parquet,20251125
1389,030720,ohlcv,parquet,/ohlcv/030720.parquet,20251125
1390,205470,ohlcv,parquet,/ohlcv/205470.parquet,20251125
1391,005090,ohlcv,parquet,/ohlcv/005090.parquet,20251125
1392,087010,ohlcv,parquet,/ohlcv/087010.parquet,20251125
1393,011070,ohlcv,parquet,/ohlcv/011070.parquet,20251125
1394,372320,ohlcv,parquet,/ohlcv/372320.parquet,20251125
1395,027970,ohlcv,parquet,/ohlcv/027970.parquet,20251125
1396,035610,ohlcv,parquet,/ohlcv/035610.parquet,20251125
1397,000540,ohlcv,parquet,/ohlcv/000540.parquet,20251125
1398,305090,ohlcv,parquet,/ohlcv/305090.parquet,20251125
1399,950220,ohlcv,parquet,/ohlcv/950220.parquet,20251125
1400,352820,ohlcv,parquet,/ohlcv/352820.parquet,20251125
1401,054210,ohlcv,parquet,/ohlcv/054210.parquet,20251125
1402,251370,ohlcv,parquet,/ohlcv/251370.parquet,20251125
1403,014620,ohlcv,parquet,/ohlcv/014620.parquet,20251125
1404,189300,ohlcv,parquet,/ohlcv/189300.parquet,20251125
1405,084650,ohlcv,parquet,/ohlcv/084650.parquet,20251125
1406,039030,ohlcv,parquet,/ohlcv/039030.parquet,20251125
1407,079810,ohlcv,parquet,/ohlcv/079810.parquet,20251125
1408,017800,ohlcv,parquet,/ohlcv/017800.parquet,20251125
1409,0010V0,ohlcv,parquet,/ohlcv/0010V0.parquet,20251125
1410,125020,ohlcv,parquet,/ohlcv/125020.parquet,20251125
1411,005610,ohlcv,parquet,/ohlcv/005610.parquet,20251125
1412,036620,ohlcv,parquet,/ohlcv/036620.parquet,20251125
1413,105840,ohlcv,parquet,/ohlcv/105840.parquet,20251125
1414,174900,ohlcv,parquet,/ohlcv/174900.parquet,20251125
1415,259960,ohlcv,parquet,/ohlcv/259960.parquet,20251125
1416,115450,ohlcv,parquet,/ohlcv/115450.parquet,20251125
1417,086450,ohlcv,parquet,/ohlcv/086450.parquet,20251125
1418,415640,ohlcv,parquet,/ohlcv/415640.parquet,20251125
1419,205100,ohlcv,parquet,/ohlcv/205100.parquet,20251125
1420,454910,ohlcv,parquet,/ohlcv/454910.parquet,20251125
1421,093320,ohlcv,parquet,/ohlcv/093320.parquet,20251125
1422,007110,ohlcv,parquet,/ohlcv/007110.parquet,20251125
1423,068270,ohlcv,parquet,/ohlcv/068270.parquet,20251125
1424,464580,ohlcv,parquet,/ohlcv/464580.parquet,20251125
1425,014530,ohlcv,parquet,/ohlcv/014530.parquet,20251125
1426,031980,ohlcv,parquet,/ohlcv/031980.parquet,20251125
1427,006800,ohlcv,parquet,/ohlcv/006800.parquet,20251125
1428,100790,ohlcv,parquet,/ohlcv/100790.parquet,20251125
1429,020000,ohlcv,parquet,/ohlcv/020000.parquet,20251125
1430,100130,ohlcv,parquet,/ohlcv/100130.parquet,20251125
1431,011040,ohlcv,parquet,/ohlcv/011040.parquet,20251125
1432,353810,ohlcv,parquet,/ohlcv/353810.parquet,20251125
1433,204610,ohlcv,parquet,/ohlcv/204610.parquet,20251125
1434,005290,ohlcv,parquet,/ohlcv/005290.parquet,20251125
1435,486990,ohlcv,parquet,/ohlcv/486990.parquet,20251125
1436,365270,ohlcv,parquet,/ohlcv/365270.parquet,20251125
1437,058610,ohlcv,parquet,/ohlcv/058610.parquet,20251125
1438,246690,ohlcv,parquet,/ohlcv/246690.parquet,20251125
1439,091700,ohlcv,parquet,/ohlcv/091700.parquet,20251125
1440,007860,ohlcv,parquet,/ohlcv/007860.parquet,20251125
1441,214390,ohlcv,parquet,/ohlcv/214390.parquet,20251125
1442,093640,ohlcv,parquet,/ohlcv/093640.parquet,20251125
1443,041960,ohlcv,parquet,/ohlcv/041960.parquet,20251125
1444,002390,ohlcv,parquet,/ohlcv/002390.parquet,20251125
1445,045390,ohlcv,parquet,/ohlcv/045390.parquet,20251125
1446,460940,ohlcv,parquet,/ohlcv/460940.parquet,20251125
1447,028670,ohlcv,parquet,/ohlcv/028670.parquet,20251125
1448,183300,ohlcv,parquet,/ohlcv/183300.parquet,20251125
1449,402340,ohlcv,parquet,/ohlcv/402340.parquet,20251125
1450,003160,ohlcv,parquet,/ohlcv/003160.parquet,20251125
1451,247540,ohlcv,parquet,/ohlcv/247540.parquet,20251125
1452,480370,ohlcv,parquet,/ohlcv/480370.parquet,20251125
1453,014970,ohlcv,parquet,/ohlcv/014970.parquet,20251125
1454,029460,ohlcv,parquet,/ohlcv/029460.parquet,20251125
1455,001430,ohlcv,parquet,/ohlcv/001430.parquet,20251125
1456,003580,ohlcv,parquet,/ohlcv/003580.parquet,20251125
1457,053800,ohlcv,parquet,/ohlcv/053800.parquet,20251125
1458,281820,ohlcv,parquet,/ohlcv/281820.parquet,20251125
1459,049070,ohlcv,parquet,/ohlcv/049070.parquet,20251125
1460,002020,ohlcv,parquet,/ohlcv/002020.parquet,20251125
1461,226400,ohlcv,parquet,/ohlcv/226400.parquet,20251125
1462,108320,ohlcv,parquet,/ohlcv/108320.parquet,20251125
1463,340450,ohlcv,parquet,/ohlcv/340450.parquet,20251125
1464,023440,ohlcv,parquet,/ohlcv/023440.parquet,20251125
1465,375500,ohlcv,parquet,/ohlcv/375500.parquet,20251125
1466,330860,ohlcv,parquet,/ohlcv/330860.parquet,20251125
1467,011330,ohlcv,parquet,/ohlcv/011330.parquet,20251125
1468,393890,ohlcv,parquet,/ohlcv/393890.parquet,20251125
1469,008830,ohlcv,parquet,/ohlcv/008830.parquet,20251125
1470,286940,ohlcv,parquet,/ohlcv/286940.parquet,20251125
1471,226330,ohlcv,parquet,/ohlcv/226330.parquet,20251125
1472,007700,ohlcv,parquet,/ohlcv/007700.parquet,20251125
1473,163730,ohlcv,parquet,/ohlcv/163730.parquet,20251125
1474,083550,ohlcv,parquet,/ohlcv/083550.parquet,20251125
1475,042370,ohlcv,parquet,/ohlcv/042370.parquet,20251125
1476,419080,ohlcv,parquet,/ohlcv/419080.parquet,20251125
1477,047770,ohlcv,parquet,/ohlcv/047770.parquet,20251125
1478,004370,ohlcv,parquet,/ohlcv/004370.parquet,20251125
1479,431190,ohlcv,parquet,/ohlcv/431190.parquet,20251125
1480,058850,ohlcv,parquet,/ohlcv/058850.parquet,20251125
1481,272550,ohlcv,parquet,/ohlcv/272550.parquet,20251125
1482,052420,ohlcv,parquet,/ohlcv/052420.parquet,20251125
1483,006280,ohlcv,parquet,/ohlcv/006280.parquet,20251125
1484,005440,ohlcv,parquet,/ohlcv/005440.parquet,20251125
1485,254490,ohlcv,parquet,/ohlcv/254490.parquet,20251125
1486,070960,ohlcv,parquet,/ohlcv/070960.parquet,20251125
1487,079650,ohlcv,parquet,/ohlcv/079650.parquet,20251125
1488,408920,ohlcv,parquet,/ohlcv/408920.parquet,20251125
1489,299170,ohlcv,parquet,/ohlcv/299170.parquet,20251125
1490,0120G0,ohlcv,parquet,/ohlcv/0120G0.parquet,20251125
1491,108230,ohlcv,parquet,/ohlcv/108230.parquet,20251125
1492,064550,ohlcv,parquet,/ohlcv/064550.parquet,20251125
1493,015750,ohlcv,parquet,/ohlcv/015750.parquet,20251125
1494,043370,ohlcv,parquet,/ohlcv/043370.parquet,20251125
1495,092130,ohlcv,parquet,/ohlcv/092130.parquet,20251125
1496,078130,ohlcv,parquet,/ohlcv/078130.parquet,20251125
1497,097520,ohlcv,parquet,/ohlcv/097520.parquet,20251125
1498,156100,ohlcv,parquet,/ohlcv/156100.parquet,20251125
1499,237690,ohlcv,parquet,/ohlcv/237690.parquet,20251125
1500,395400,ohlcv,parquet,/ohlcv/395400.parquet,20251125
1501,084990,ohlcv,parquet,/ohlcv/084990.parquet,20251125
1502,282330,ohlcv,parquet,/ohlcv/282330.parquet,20251125
1503,187870,ohlcv,parquet,/ohlcv/187870.parquet,20251125
1504,080160,ohlcv,parquet,/ohlcv/080160.parquet,20251125
1505,085310,ohlcv,parquet,/ohlcv/085310.parquet,20251125
1506,310200,ohlcv,parquet,/ohlcv/310200.parquet,20251125
1507,100120,ohlcv,parquet,/ohlcv/100120.parquet,20251125
1508,218410,ohlcv,parquet,/ohlcv/218410.parquet,20251125
1509,010690,ohlcv,parquet,/ohlcv/010690.parquet,20251125
1510,001040,ohlcv,parquet,/ohlcv/001040.parquet,20251125
1511,123690,ohlcv,parquet,/ohlcv/123690.parquet,20251125
1512,009160,ohlcv,parquet,/ohlcv/009160.parquet,20251125
1513,457190,ohlcv,parquet,/ohlcv/457190.parquet,20251125
1514,300080,ohlcv,parquet,/ohlcv/300080.parquet,20251125
1515,101160,ohlcv,parquet,/ohlcv/101160.parquet,20251125
1516,053030,ohlcv,parquet,/ohlcv/053030.parquet,20251125
1517,005860,ohlcv,parquet,/ohlcv/005860.parquet,20251125
1518,067000,ohlcv,parquet,/ohlcv/067000.parquet,20251125
1519,010170,ohlcv,parquet,/ohlcv/010170.parquet,20251125
1520,068240,ohlcv,parquet,/ohlcv/068240.parquet,20251125
1521,373220,ohlcv,parquet,/ohlcv/373220.parquet,20251125
1522,033780,ohlcv,parquet,/ohlcv/033780.parquet,20251125
1523,306200,ohlcv,parquet,/ohlcv/306200.parquet,20251125
1524,089010,ohlcv,parquet,/ohlcv/089010.parquet,20251125
1525,085620,ohlcv,parquet,/ohlcv/085620.parquet,20251125
1526,047310,ohlcv,parquet,/ohlcv/047310.parquet,20251125
1527,003230,ohlcv,parquet,/ohlcv/003230.parquet,20251125
1528,419050,ohlcv,parquet,/ohlcv/419050.parquet,20251125
1529,053950,ohlcv,parquet,/ohlcv/053950.parquet,20251125
1530,122990,ohlcv,parquet,/ohlcv/122990.parquet,20251125
1531,012750,ohlcv,parquet,/ohlcv/012750.parquet,20251125
1532,047820,ohlcv,parquet,/ohlcv/047820.parquet,20251125
1533,083790,ohlcv,parquet,/ohlcv/083790.parquet,20251125
1534,094820,ohlcv,parquet,/ohlcv/094820.parquet,20251125
1535,078520,ohlcv,parquet,/ohlcv/078520.parquet,20251125
1536,083650,ohlcv,parquet,/ohlcv/083650.parquet,20251125
1537,462520,ohlcv,parquet,/ohlcv/462520.parquet,20251125
1538,012320,ohlcv,parquet,/ohlcv/012320.parquet,20251125
1539,058820,ohlcv,parquet,/ohlcv/058820.parquet,20251125
1540,476060,ohlcv,parquet,/ohlcv/476060.parquet,20251125
1541,381970,ohlcv,parquet,/ohlcv/381970.parquet,20251125
1542,033250,ohlcv,parquet,/ohlcv/033250.parquet,20251125
1543,023760,ohlcv,parquet,/ohlcv/023760.parquet,20251125
1544,359090,ohlcv,parquet,/ohlcv/359090.parquet,20251125
1545,084670,ohlcv,parquet,/ohlcv/084670.parquet,20251125
1546,084370,ohlcv,parquet,/ohlcv/084370.parquet,20251125
1547,003300,ohlcv,parquet,/ohlcv/003300.parquet,20251125
1548,191420,ohlcv,parquet,/ohlcv/191420.parquet,20251125
1549,051500,ohlcv,parquet,/ohlcv/051500.parquet,20251125
1550,039490,ohlcv,parquet,/ohlcv/039490.parquet,20251125
1551,234690,ohlcv,parquet,/ohlcv/234690.parquet,20251125
1552,002220,ohlcv,parquet,/ohlcv/002220.parquet,20251125
1553,051980,ohlcv,parquet,/ohlcv/051980.parquet,20251125
1554,036630,ohlcv,parquet,/ohlcv/036630.parquet,20251125
1555,138360,ohlcv,parquet,/ohlcv/138360.parquet,20251125
1556,439090,ohlcv,parquet,/ohlcv/439090.parquet,20251125
1557,376270,ohlcv,parquet,/ohlcv/376270.parquet,20251125
1558,033640,ohlcv,parquet,/ohlcv/033640.parquet,20251125
1559,051600,ohlcv,parquet,/ohlcv/051600.parquet,20251125
1560,014950,ohlcv,parquet,/ohlcv/014950.parquet,20251125
1561,241690,ohlcv,parquet,/ohlcv/241690.parquet,20251125
1562,030000,ohlcv,parquet,/ohlcv/030000.parquet,20251125
1563,065680,ohlcv,parquet,/ohlcv/065680.parquet,20251125
1564,408900,ohlcv,parquet,/ohlcv/408900.parquet,20251125
1565,036200,ohlcv,parquet,/ohlcv/036200.parquet,20251125
1566,298050,ohlcv,parquet,/ohlcv/298050.parquet,20251125
1567,092040,ohlcv,parquet,/ohlcv/092040.parquet,20251125
1568,206560,ohlcv,parquet,/ohlcv/206560.parquet,20251125
1569,196170,ohlcv,parquet,/ohlcv/196170.parquet,20251125
1570,453340,ohlcv,parquet,/ohlcv/453340.parquet,20251125
1571,001450,ohlcv,parquet,/ohlcv/001450.parquet,20251125
1572,145020,ohlcv,parquet,/ohlcv/145020.parquet,20251125
1573,328130,ohlcv,parquet,/ohlcv/328130.parquet,20251125
1574,950170,ohlcv,parquet,/ohlcv/950170.parquet,20251125
1575,082270,ohlcv,parquet,/ohlcv/082270.parquet,20251125
1576,0030R0,ohlcv,parquet,/ohlcv/0030R0.parquet,20251125
1577,017940,ohlcv,parquet,/ohlcv/017940.parquet,20251125
1578,101670,ohlcv,parquet,/ohlcv/101670.parquet,20251125
1579,308080,ohlcv,parquet,/ohlcv/308080.parquet,20251125
1580,090360,ohlcv,parquet,/ohlcv/090360.parquet,20251125
1581,032640,ohlcv,parquet,/ohlcv/032640.parquet,20251125
1582,294570,ohlcv,parquet,/ohlcv/294570.parquet,20251125
1583,348340,ohlcv,parquet,/ohlcv/348340.parquet,20251125
1584,170920,ohlcv,parquet,/ohlcv/170920.parquet,20251125
1585,042700,ohlcv,parquet,/ohlcv/042700.parquet,20251125
1586,086960,ohlcv,parquet,/ohlcv/086960.parquet,20251125
1587,148150,ohlcv,parquet,/ohlcv/148150.parquet,20251125
1588,067310,ohlcv,parquet,/ohlcv/067310.parquet,20251125
1589,093920,ohlcv,parquet,/ohlcv/093920.parquet,20251125
1590,240550,ohlcv,parquet,/ohlcv/240550.parquet,20251125
1591,294870,ohlcv,parquet,/ohlcv/294870.parquet,20251125
1592,388050,ohlcv,parquet,/ohlcv/388050.parquet,20251125
1593,019440,ohlcv,parquet,/ohlcv/019440.parquet,20251125
1594,189330,ohlcv,parquet,/ohlcv/189330.parquet,20251125
1595,263860,ohlcv,parquet,/ohlcv/263860.parquet,20251125
1596,104620,ohlcv,parquet,/ohlcv/104620.parquet,20251125
1597,008970,ohlcv,parquet,/ohlcv/008970.parquet,20251125
1598,278650,ohlcv,parquet,/ohlcv/278650.parquet,20251125
1599,389650,ohlcv,parquet,/ohlcv/389650.parquet,20251125
1600,078600,ohlcv,parquet,/ohlcv/078600.parquet,20251125
